0,0,1,1,2,7,17,2,9,4,13,18,14,15,20,19,16
1,0,18,1,1,1,2,17,7,8,10,9,13,14,12,18,18,15,20,19,10,16
2,0,1,2,18,3,7,18,9,10,13,3,17,15,14,15,19,20,16
3,1,16,1,18,17,7,1,2,10,3,7,8,10,9,13,14,15,18,1,15,19,20,16,3
4,0,11,1,18,1,2,7,8,9,18,10,13,17,14,15,18,14,15,14,15,20,19,16
5,0,1,2,17,18,3,16,7,10,9,13,14,15,14,15,19,20
6,0,1,1,1,2,17,3,7,10,8,9,13,14,18,15,19,20,16
7,0,1,2,3,7,8,9,10,18,18,13,14,14,15,14,14,15,17,18,19,16
8,0,1,2,3,7,16,8,18,17,9,10,13,14,15,14,15,20,18,19,16
9,5,1,12,2,3,17,7,10,8,9,13,14,14,15,18,14,15,19,20,19,16
10,1,18,17,1,1,2,3,18,20,7,8,9,13,14,15,14,15,14,15,3,18,19,20,16
11,0,17,1,2,3,7,18,8,18,10,9,13,14,15,14,15,18,19,20
12,0,1,2,3,18,7,8,9,18,10,17,13,14,7,15,14,15,20,19,16
13,20,18,1,17,1,2,3,7,10,8,9,13,14,15,14,15,14,15,19,20,16
14,0,18,1,1,3,7,10,8,18,10,9,13,14,15,14,18,15,14,17,15,20,19,16
15,0,1,1,17,3,7,6,8,9,10,13,14,2,15,19,20,18,18,16
16,0,18,1,1,18,2,3,7,10,18,13,8,9,14,17,15,14,15,20,16
17,0,1,13,4,18,2,3,7,8,10,9,18,17,13,14,15,20,19,16
18,0,1,1,2,20,3,18,7,8,9,13,16,10,13,15,12,18,14,15,17,19,20,16
19,0,1,1,2,3,7,8,18,18,9,13,14,17,15,19,20,16
20,0,1,2,17,8,9,7,18,10,13,14,15,18,14,15,14,15,20,19,16
21,0,1,2,7,8,17,10,9,13,14,10,15,18,19,16
22,0,1,1,18,2,3,7,10,8,9,17,12,13,14,15,18,14,15,20,19,16,7
23,0,1,2,13,7,17,12,8,9,10,13,14,15,14,15,18,19,16
24,0,17,1,1,2,3,7,8,9,18,10,14,15,14,15,19,20,16
25,0,1,1,2,3,8,10,9,18,18,13,14,15,20,16
26,0,1,1,2,17,3,7,10,8,18,20,9,15,19,20,8,16
27,0,1,8,17,2,1,2,17,3,7,18,8,9,10,13,14,15,15,14,15,20,18,18,19
28,0,18,1,17,2,3,10,8,9,13,14,15,19,20,18
29,0,0,1,11,1,2,3,7,8,9,10,18,13,14,15,18,18,14,15,15,20,19,16
30,0,1,2,18,18,3,18,7,8,18,9,10,12,13,14,15,14,15,17,20,19,16
31,0,1,1,2,3,18,16,7,8,10,10,9,17,13,14,15,19,20,16,7
32,0,1,18,1,17,2,18,3,7,8,10,9,13,20,14,15,20,19,16
33,17,1,18,2,3,7,10,8,9,13,14,15,19,20,16
34,0,1,2,3,17,18,7,18,11,8,9,13,14,15,14,15,14,15,20,19,16
35,1,1,1,2,3,7,10,8,9,13,14,15,14,18,15,17,11,16
36,0,6,1,20,17,1,2,3,7,8,9,13,14,11,14,15,16,18,14,18,18,15,18,19,16
37,0,1,17,3,7,8,10,9,13,14,15,14,15,20,16
38,0,2,1,1,1,3,10,18,8,9,17,13,14,15,20,19,16,12
39,0,1,2,17,18,7,14,8,9,10,13,14,15,20,19,14,16
40,0,17,1,1,2,3,7,8,18,9,10,13,14,15,14,15,20
41,0,17,1,1,2,3,15,7,6,10,9,13,12,14,15,14,15,20,16
42,0,1,2,3,18,19,7,8,9,18,13,14,18,14,19,17,20,16
43,0,18,18,1,1,2,3,7,17,8,16,9,10,14,15,15,19,20,0,16
44,1,1,1,17,2,9,3,7,8,9,10,13,14,15,15,20,19,16
45,0,1,18,1,2,19,18,18,3,7,10,8,9,13,14,17,13,14,15,19,20,16
46,0,1,1,1,17,2,3,7,10,8,14,9,13,14,15,14,15,18,14,15,20,19,16,3
47,0,1,18,1,1,2,3,7,10,8,9,13,14,15,19,20,18,3,16
48,0,1,1,2,3,7,8,10,9,1,18,17,13,14,18,15,19,20,16
49,0,17,1,1,18,3,7,18,8,10,9,7,13,14,15,14,15,18,19,20,16
50,0,18,1,1,1,18,2,3,7,11,8,10,9,13,14,11,15,14,15,19,11,16
51,0,1,1,17,2,18,3,17,7,8,10,9,13,14,9,15,20,18,19,15,16
52,0,1,1,2,3,18,18,6,10,8,9,15,17,14,15,14,15,4,18,20,19,16
53,0,17,1,2,9,3,7,1,8,18,10,18,9,13,14,15,5,20,16
54,0,1,2,3,17,7,8,2,10,9,13,14,15,10,18,19,16
55,0,1,1,1,2,17,4,7,8,10,0,18,9,13,14,15,20,19
56,0,1,2,18,3,17,7,8,10,18,18,9,13,14,15,20,19,16
57,0,17,1,1,1,2,3,10,8,18,9,13,18,14,14,15,9,14,11,15,19,20
58,1,2,1,1,2,3,7,8,9,10,13,14,15,18,17,18,14,15,17,20,19,16
59,1,1,2,3,7,18,10,8,9,17,7,13,14,15,14,15,9,20,19,16
60,0,1,1,1,2,3,18,7,18,17,10,8,9,13,18,14,15,19,14,15,14,15,19,20,16
61,1,2,7,8,10,20,9,13,14,15,17,14,15,11,14,15,20,19,18,16
62,0,1,2,17,18,3,7,10,8,18,9,13,14,5,15,14,15,19,20
63,0,1,1,1,15,2,3,7,18,18,8,18,17,9,10,13,14,15,20,19,16
64,0,18,18,18,17,1,2,3,7,8,10,9,13,14,15,14,10,15,19,16
65,0,1,20,2,3,7,8,9,10,13,17,18,14,14,18,15,19,20,16
66,0,17,1,1,1,2,18,3,7,8,9,10,13,14,15,19,20,18,17,20,16
67,0,1,1,18,17,2,18,3,7,10,8,18,19,13,14,15,14,15,20,19,16
68,1,1,2,3,7,8,17,13,14,14,15,14,18,15,19,18,20,16
69,18,5,1,18,1,2,17,6,3,7,10,9,13,20,14,20,19,16,3
70,0,1,2,3,7,8,10,20,13,14,15,20,12,3,18,19,16
71,0,1,2,3,18,10,9,13,17,18,16,14,15,14,15,19,20
72,0,1,1,1,2,3,7,8,10,9,18,13,14,14,15,20,19,17,16,6,9
73,0,16,18,18,1,1,2,3,7,0,8,10,9,13,14,15,14,19,15,19,20,16
74,0,18,1,1,2,3,7,10,8,9,13,14,15,14,15,15,9,20,19,17,16,19
75,0,1,2,3,18,7,8,9,10,13,14,15,19,20,11,16,5
76,0,1,18,2,18,17,3,7,8,9,10,11,18,14,14,12,15,14,15,20,19,16
77,0,1,2,3,7,18,10,8,9,13,14,17,15,14,15,20,14,15,19,20,16
78,0,1,1,1,2,3,7,8,17,10,9,13,14,15,14,15,14,15,20,18,19,16
79,0,1,2,5,18,7,18,8,10,17,9,13,14,18,15,14,15,14,15,19,18,13,20,16,5
80,1,2,3,7,10,8,9,13,14,15,18,7,14,17,8,15,20,19,16
81,18,1,1,1,9,3,8,9,10,18,13,17,14,15,20,18,19,16
82,0,11,1,9,2,3,18,7,17,18,8,13,1,14,15,15,20,19,16
83,0,1,2,3,7,8,13,15,20,18,17,16
84,0,1,1,1,2,3,18,7,8,10,9,13,17,15,14,11,15,19,14,15,20,19,16
85,0,18,17,1,18,1,1,2,3,18,7,10,8,9,13,14,18,15,20,19,16
86,1,1,2,3,7,8,3,9,10,13,14,6,15,14,8,15,17,18,20,19,16
87,0,1,18,2,14,3,7,10,8,9,13,14,15,19,17,20,16
88,0,1,2,18,3,7,18,10,18,8,9,17,13,14,15,1,19,20,16,1
89,0,18,1,2,19,17,3,7,8,11,9,10,13,14,15,14,15,8,19,16
90,0,1,3,18,7,2,16,8,9,10,6,18,17,13,19,14,15,12,17,14,16,14,6,15,19,20,16
91,0,1,14,2,3,7,8,10,16,9,13,14,15,19,20,17,16,16
92,0,1,1,7,8,9,10,18,13,18,17,18,15,14,15,2,14,15,19,20,17,16
93,0,1,1,2,3,7,17,2,10,8,9,18,13,12,14,9,18,14,15,19,20,16
94,0,1,17,2,18,7,8,10,9,13,14,15,14,15,19,20,16
95,0,1,6,1,1,2,3,7,17,18,10,8,9,13,14,15,14,15,19,20,13,16
96,0,1,2,3,7,8,9,10,13,14,15,17,14,15,14,18,15,20,16
97,0,17,18,1,18,1,2,3,7,2,10,2,8,11,15,14,18,0,15,14,15,5,19,20,16
98,0,18,1,2,18,3,7,10,8,9,13,14,15,17,19,18,20,16
99,0,1,1,18,17,1,2,3,7,8,10,18,9,13,14,19,20,16
100,0,1,2,3,7,10,8,9,18,13,14,17,15,20,18
101,0,1,10,10,2,3,7,18,8,9,10,13,14,15,17,19,20,16
102,0,2,3,7,10,8,9,18,18,13,14,15,18,14,15,17,20,19,11,16
103,0,17,1,1,1,2,3,18,18,10,8,9,13,14,2,15,14,15,14,15,19,20,16
104,0,1,18,2,7,10,9,14,15,17,14,15,14,15,20,19,8,16
105,0,17,1,1,2,3,7,10,8,9,13,14,15,14,15,18,14,15,19,20,16
106,0,1,2,3,6,18,7,8,10,9,13,14,2,15,15,17,20,19,13
107,1,2,3,8,9,17,10,13,12,18,14,15,14,18,15,19,20,16
108,17,1,1,18,1,2,8,10,17,9,13,14,15,18,18,20,16
109,0,1,2,18,3,7,8,9,10,13,14,15,14,15,17,20,19,16
110,1,1,1,17,2,3,7,2,19,10,8,9,14,18,15,20,19,16
111,0,1,9,18,1,5,2,18,18,3,12,7,8,9,17,10,13,14,15,14,15,14,15,19,18,17,16,17
112,0,1,17,1,1,2,3,7,10,8,9,18,13,14,15,14,15,14,15,19,16,2
113,0,18,16,2,3,7,8,10,17,13,15,14,15,18,19,20,16
114,2,17,1,2,3,7,18,8,20,9,13,14,15,19,20,16
115,0,1,2,3,18,7,18,8,10,9,13,14,15,14,15,20,18,17,19,16
116,0,1,2,18,7,18,10,8,17,9,13,14,3,15,14,15,14,15,19,20
117,0,1,18,1,2,3,7,17,17,8,13,18,18,14,15,19,20,16
118,0,1,17,2,3,7,18,8,10,9,13,14,15,15,14,15,20,19,12,16
119,0,17,1,1,2,3,7,8,9,10,13,18,5,18,14,15,14,15,19,20,4,16
120,0,18,1,1,2,3,7,17,13,9,18,14,9,15,14,15,18,20,15,19,16
121,0,1,1,1,2,18,2,18,3,7,17,10,18,8,9,14,17,0,15,19,20,16,2
122,0,1,1,1,2,7,10,18,17,3,8,9,18,14,9,15,20,19,16
123,0,18,20,1,1,2,15,3,7,17,8,10,18,9,13,14,15,14,15,19,6,20,16
124,0,5,1,1,20,2,3,18,18,7,10,18,9,13,19,14,15,19,17,20,16
125,0,1,1,16,2,3,8,18,9,17,10,13,14,15,14,15,18,19,16
126,0,16,1,18,1,1,2,17,3,18,7,10,8,9,13,14,15,14,18,15,20,19,16
127,0,1,17,1,18,3,18,3,7,10,18,9,13,19,14,15,20,19
128,0,1,1,1,2,17,3,7,1,18,8,9,18,10,13,14,0,15,20,16
129,0,17,1,2,18,3,7,10,18,9,13,14,15,15,14,15,19,18,20,16
130,0,1,1,2,3,10,8,9,13,14,15,14,15,18,14,15,20,19,3,17,16
131,0,1,2,3,7,8,13,17,10,9,13,8,14,5,15,18,12,14,15,18,20,19,17,16
132,0,1,1,1,2,3,7,8,9,10,18,13,14,18,15,19,14,1,15,17,19,20
133,0,1,1,17,2,3,18,18,16,10,8,9,13,14,15,14,15,14,15,20,19,16
134,0,1,1,2,3,17,7,8,12,10,9,13,14,14,15,19
135,0,18,5,1,10,2,7,7,8,16,18,10,9,13,3,15,18,14,6,15,19,17,20,16
136,0,17,18,8,18,1,1,1,2,3,7,8,18,9,13,14,15,16,19,20,4,16
137,0,11,1,17,18,2,9,10,8,9,14,15,20,16
138,0,1,2,3,7,8,1,9,13,14,18,15,17,14,15,14,19,20,16
139,0,1,2,3,7,3,8,9,10,13,18,0,17,13,14,15,19,20,16
140,0,17,0,1,1,7,2,3,7,10,5,8,18,9,13,14,15,14,15,14,15,18,13,19,20,16
141,0,1,1,2,10,7,8,17,10,18,9,13,19,15,14,15,16
142,0,18,18,17,1,1,2,3,7,8,9,13,14,15,20,19,19,16
143,0,1,2,18,3,7,8,9,13,14,18,17,15,19,20,16
144,0,18,1,1,2,13,3,8,13,18,14,15,17,15,20,19,16
145,0,18,1,1,2,3,7,8,10,9,14,17,14,15,14,15,20,19,16,5
146,0,18,1,1,2,3,10,8,9,3,13,14,15,19,20,18,17,16,17
147,0,1,2,3,7,10,8,9,13,17,14,18,15,14,15,14,20,18,19
148,1,3,11,7,10,8,9,14,18,15,17,14,15,14,16,19,20,16
149,0,1,2,18,17,18,3,7,8,9,10,18,13,14,15,14,15,20,19,17,16
150,0,1,1,1,3,7,8,9,10,13,14,15,14,18,18,14,17,15,19,20,16
151,0,17,1,18,2,3,7,8,10,9,13,15,14,15,18,19,16
152,0,17,1,18,18,2,2,3,7,8,10,18,19,9,13,15,20,16
153,0,1,1,1,2,17,3,7,8,9,13,14,18,15,10,18,14,15,20,19,16
154,0,0,1,1,10,2,3,17,7,10,8,9,13,14,15,14,15,19,16
155,0,1,18,2,7,18,10,8,9,7,17,18,13,14,15,14,15,20,16
156,0,2,3,17,3,7,16,10,8,9,18,13,15,14,18,20,19,16
157,0,18,1,1,2,7,10,8,9,18,18,13,14,17,20,2,19
158,0,18,1,2,3,7,18,10,15,8,9,13,14,18,15,17,11,14,15,9,20,5,16
159,0,1,1,1,19,3,7,8,18,9,10,13,14,15,14,15,18,7,17,20,19,16,20
160,0,1,1,2,3,7,17,8,9,13,14,15,14,18,15,19,20,16,6
161,0,1,3,18,7,8,9,10,18,13,14,15,17,19,16,15
162,0,1,1,1,2,18,3,8,7,10,8,9,13,17,14,15,12,7,15,17,16,14,15,8,20,19,16
163,0,17,1,2,12,11,18,18,3,7,18,8,10,9,13,14,15,14,15,20,19,16
164,0,18,1,1,1,2,3,7,10,18,8,9,13,14,17,18,15,20,16
165,0,1,20,1,1,11,2,3,18,7,18,10,8,9,14,15,17,14,15,19,20,16
166,12,1,1,1,3,7,8,12,10,9,13,17,19,14,16,15,19,20,16
167,0,17,1,18,1,1,2,7,8,10,9,13,14,15,14,15,14,17,15,1,19,20,16
168,1,18,0,1,2,3,7,8,9,10,13,6,14,15,17,14,11,15,19,20,16
169,18,1,1,2,7,8,10,9,14,15,19,20,16
170,0,1,18,1,17,2,3,7,8,10,9,18,13,15,14,20,14,3,15,19,18,20,16
171,0,1,2,3,1,7,6,2,8,10,9,13,0,18,14,15,18,7,17,14,16,15,2,14,15,20,19,16
172,1,2,8,3,7,18,18,8,10,9,18,5,13,14,17,15,20,19,16
173,0,1,1,12,2,3,17,7,8,9,10,13,14,15,18,5,14,15,16
174,0,1,1,20,1,17,18,2,3,7,8,9,10,13,18,13,14,18,14,15,14,4,18,4,15,20,19,16
175,1,1,2,3,7,18,8,4,10,13,14,15,14,15,14,18,1,18,17,19,20,16
176,0,1,1,18,3,18,17,8,9,7,18,8,15,10,9,13,14,15,20,19,16
177,0,1,18,1,2,3,7,8,10,9,9,13,14,17,15,18,18,14,15,20,19,16
178,0,1,17,1,17,1,18,2,3,7,8,7,9,10,13,14,15,19,20,16
179,0,18,18,1,1,3,7,8,10,9,17,13,15,14,15,14,15,19,20,16
180,0,18,1,18,1,2,3,7,7,8,10,13,0,15,14,17,15,19,16
181,0,18,1,2,3,17,7,8,9,10,13,14,15,19,20,16
182,0,1,1,2,18,18,3,7,17,8,9,10,13,14,15,14,15,14,9,15,19,20,16
183,1,2,3,7,18,10,8,13,14,17,15,14,15,19,20,16
184,0,1,1,1,2,7,3,7,8,18,9,10,18,15,14,20,19,17,16
185,0,1,2,3,7,8,10,17,9,13,14,10,18,15,19,20,16
186,0,1,1,18,2,0,3,7,8,9,13,14,15,14,15,14,15,19,17,18,20,16
187,0,1,18,1,1,2,3,7,8,15,9,10,19,13,14,15,14,17,18,15,19,16
188,0,20,20,1,2,3,7,10,18,8,9,18,13,14,17,15,14,15,20,16
189,0,1,2,18,7,8,10,9,14,18,15,20,19,15,17,6
190,0,18,1,2,3,7,4,9,0,18,14,15,17,14,15,14,18,19,16
191,0,6,1,1,1,2,18,3,12,7,8,10,9,18,18,18,13,14,15,14,15,14,16,15,19,20,16
192,0,1,2,3,7,8,10,9,9,18,13,1,14,18,15,14,17,3,15,14,15,20,19,19,2,16
193,0,1,18,1,1,17,2,3,7,8,10,9,13,14,15,19,20,16
194,0,1,1,1,2,3,17,18,7,18,10,8,9,13,15,19,16
195,0,2,3,7,18,8,10,9,13,14,17,12,15,14,15,14,18,15,18,20,19,16
196,0,1,18,2,18,3,7,8,10,9,17,13,14,20,16
197,0,1,1,17,1,2,3,7,1,8,17,9,10,13,14,15,15,20,19,16
198,0,1,1,2,3,7,8,10,9,13,18,13,14,15,17,0,14,15,14,15,3,20,19
199,1,18,1,2,3,17,10,8,9,18,13,18,15,14,15,19,20,16
200,1,1,2,3,7,18,8,10,9,17,8,14,15,7,14,15,20,19,16
201,0,13,1,18,3,7,8,10,9,13,14,15,19,14,15,18,14,15,20,19,16
202,1,18,2,3,17,7,8,10,18,9,14,18,20,19,16
203,0,1,1,3,7,18,8,9,13,14,15,14,0,15,14,15,17,20,19,16,9
204,0,18,1,3,5,15,10,16,8,9,17,13,14,15,14,8,15,14,15,20,19
205,0,18,1,1,2,7,10,11,8,9,13,14,15,20,19,18,16
206,0,1,1,1,2,3,7,10,8,9,18,13,9,14,15,19,17,18,14,15,18,19,20,16
207,17,1,1,1,2,3,8,10,9,13,18,14,15,18,14,15,4,20,16
208,0,10,18,1,1,2,3,10,8,9,13,14,15,17,20,19,16
209,0,1,2,3,7,10,8,9,13,14,18,15,14,15,17,20,19,20
210,0,1,15,1,16,1,2,3,7,8,9,17,13,14,15,18,18,14,18,15,20,19
211,0,1,1,2,3,7,10,8,9,13,18,14,14,15,14,17,15,19,20
212,0,1,1,1,2,18,18,3,7,8,10,9,13,14,15,17,14,15,14,16,20,11,19,9,16,20
213,0,1,1,1,2,15,3,7,10,9,13,14,15,18,17,14,15,14,18,15,20,19,16
214,0,18,17,1,1,2,3,7,1,10,8,9,13,14,15,19,18,20,18,16
215,9,18,1,1,18,18,2,3,7,10,8,9,9,12,13,14,15,14,15,10,14,15,19,20,16
216,0,17,1,18,1,2,3,7,8,9,13,18,15,14,15,14,15,20,19,16
217,0,1,1,1,2,3,18,7,17,11,10,8,13,14,14,15,0,15,20,19,16,4
218,0,17,1,1,1,2,3,7,10,8,9,13,14,5,14,15,7,18,10,15,20,19,16
219,0,1,18,18,7,10,8,9,15,17,18,14,15,19,20,16
220,0,1,1,1,3,7,8,6,9,13,14,12,14,18,15,20,19
221,0,1,2,5,20,8,10,7,9,17,13,14,15,14,18,15,19,20,13,18,16
222,0,1,2,17,3,18,7,10,2,9,18,13,18,14,15,14,15,14,15,20,16
223,0,7,1,2,3,7,10,17,8,18,13,14,15,19,20,16
224,0,1,2,3,7,10,8,9,18,13,18,14,15,14,15,17,20,19,16
225,0,3,17,1,2,3,9,8,9,10,13,14,18,15,20,14,19,16
226,0,5,1,2,3,7,10,8,9,9,17,18,13,14,15,18,14,9,14,15,19,20,16
227,0,2,7,10,18,8,18,9,13,15,14,15,17,20,16
228,0,1,1,18,1,18,2,3,7,10,8,9,13,17,14,15,14,15,20,19,16,16
229,2,3,18,18,17,7,8,10,3,9,13,14,15,18,14,15,19,11,20,16
230,0,18,1,1,1,2,3,7,8,17,10,9,13,15,19,20,16
231,0,18,1,2,3,7,18,8,17,10,18,9,13,14,15,14,15,14,10,15,19,20,16
232,0,1,2,3,7,18,8,10,9,16,9,13,14,18,15,17,19,20,16
233,0,1,17,1,1,20,2,19,3,7,8,12,10,9,13,14,18,18,15,20,15,19,16
234,0,16,18,18,1,2,8,9,10,13,14,20,14,18,14,15,20,17,19,16,6
235,0,1,1,2,18,17,3,7,8,18,18,10,13,14,15,20,19,16
236,0,18,1,1,2,3,7,9,9,9,10,13,14,15,19,20,17,16
237,0,1,3,7,8,9,10,18,13,14,14,15,14,15,20,17,19
238,0,18,1,2,3,7,2,14,10,9,13,14,15,14,17,15,19,20,16
239,0,17,1,8,1,3,7,8,9,10,13,15,19,20,16,6
240,5,1,1,17,3,7,8,10,9,13,14,15,14,18,15,14,15,20,19,17,16
241,0,1,2,18,17,3,7,18,8,9,17,10,13,14,17,15,20,19,16
242,0,18,1,10,1,1,2,3,18,7,10,8,9,0,13,13,7,14,15,14,15,15,18,17,19,20
243,0,1,1,1,2,3,18,8,2,10,18,13,9,13,14,15,18,14,19,15,14,17,15,19,16
244,0,1,1,1,18,2,3,20,7,8,10,9,18,13,14,14,15,14,6,15,16,17,20,19,16
245,0,18,1,18,2,3,7,8,10,9,13,13,14,15,14,4,18,15,20,19,18
246,0,1,1,1,1,2,17,3,7,8,9,18,18,10,13,14,8,15,14,15,18,19,20,0,16
247,0,17,1,1,18,2,18,3,7,10,8,9,13,15,19,16
248,0,1,1,1,3,8,10,9,13,14,15,14,15,20,17,19,9,18,16
249,0,17,5,1,18,2,18,13,3,7,8,8,11,10,9,13,15,3,14,15,14,15,19,20,16
250,0,1,2,3,17,10,8,9,13,14,15,20,19,16
251,0,0,1,2,3,7,12,8,9,10,13,14,15,20,17,16,11
252,0,1,1,1,18,18,18,3,7,8,10,9,13,17,15,19,20,16
253,0,1,5,1,1,18,20,2,6,3,7,8,10,9,17,13,14,15,20,19,16
254,1,11,18,3,18,7,8,10,9,13,14,15,14,3,14,18,15,17,19,20,16
255,1,18,1,1,2,8,7,8,8,9,13,14,15,14,15,14,15,17,19,4,20
256,0,16,18,1,1,1,17,2,18,7,20,10,8,9,13,14,15,20,19,16
257,1,1,2,5,3,7,8,10,13,14,17,15,18,14,15,19,20,16
258,0,1,2,3,18,7,8,10,17,9,13,14,15,14,15,18,19,20,16
259,0,1,1,7,2,17,18,3,18,7,8,9,13,14,15,14,15,14,18,15,14,15,19,20,16
260,0,18,1,1,1,2,4,3,2,7,8,17,9,10,13,14,15,14,15,18,14,18,15,20,19,16
261,0,1,1,2,3,7,18,8,10,9,13,15,14,15,14,17,15,20,19,16
262,0,17,18,18,1,1,2,3,3,7,10,8,9,11,13,14,15,20,19,16,19
263,18,1,6,1,1,2,3,17,2,7,8,5,10,13,14,15,18,20,16,7
264,0,18,1,2,17,3,1,10,8,9,14,18,18,14,15,20,19,16
265,0,1,1,18,1,2,3,7,18,9,10,13,14,15,19,16
266,0,12,1,18,2,3,8,10,9,18,17,14,15,14,15,14,8,19
267,0,1,2,3,7,18,18,8,10,9,13,14,15,14,3,15,6,14,18,17,19,20,16
268,0,1,18,1,18,1,2,7,8,10,9,13,17,15,14,15,14,15,0,19,20,16
269,0,1,1,1,2,15,3,7,17,9,10,13,5,14,15,15,6,18,19,20,16
270,0,1,3,7,8,9,13,14,15,14,15,10,14,15,17,19,18,19,20,16
271,0,1,1,17,18,1,19,2,3,7,10,1,18,10,8,9,13,14,15,14,15,14,15,20
272,0,1,2,20,17,3,7,8,9,4,10,13,14,15,18,18,14,15,20,16
273,0,1,1,2,18,18,3,7,8,10,9,17,13,14,15,20,17,19,16
274,0,1,2,3,7,8,17,9,18,1,10,13,18,15,20,19,16
275,0,0,17,1,1,18,1,2,18,3,18,7,8,9,10,13,20,14,15,18,14,20,15,20,19,16
276,0,18,1,1,2,3,10,8,9,13,14,19,18,15,17,20,19,16
277,1,18,1,18,2,3,9,7,8,10,9,17,13,14,15,20,19,3,16
278,0,1,12,18,1,2,3,7,4,8,9,13,14,15,14,17,15,14,17,1,15,6,20,16
279,0,1,2,3,18,7,10,17,8,9,13,14,15,18,1,19,20,16
280,0,1,1,1,2,3,7,8,18,10,9,13,14,15,14,15,14,15,20,17,19,18,16
281,0,18,20,1,2,17,3,17,7,10,8,9,13,7,14,12,9,15,14,15,19,20,12,16,16
282,0,1,1,7,2,13,3,18,7,8,9,10,13,14,15,10,19,20,18,18,17,16
283,17,1,1,15,2,1,3,7,18,8,16,10,9,13,6,14,0,15,14,15,19,20,16,11
284,0,1,18,1,3,8,9,10,13,14,17,15,18,14,18,15,20,19,16
285,0,1,1,1,6,2,3,7,12,8,7,9,10,13,14,15,13,17,14,18,15,20,19,16
286,0,1,2,3,7,8,17,9,10,13,18,10,18,14,15,14,15,18,19,16,14
287,0,17,1,2,3,18,8,9,10,13,14,15,20,19,16
288,0,1,1,1,2,3,7,8,4,9,13,14,15,17,14,5,15,20,18,19,16
289,0,17,2,3,17,18,8,9,10,13,14,15,20,20,19,16
290,0,1,2,3,7,17,10,8,9,14,15,14,15,19,19,20,16
291,0,1,2,3,18,7,10,8,9,5,13,18,15,14,15,17,14,15,14,15,19,20
292,0,5,1,9,17,12,2,3,7,8,10,13,14,20,18,19,16
293,0,1,2,3,7,8,9,10,18,10,14,17,14,15,19,20,16
294,0,1,2,3,7,10,8,9,13,18,15,15,1,17,20,19,16
295,0,18,1,1,2,3,7,10,8,9,13,14,15,14,14,16,15,20,19,15,20,16
296,0,18,1,2,3,7,8,9,10,18,13,18,14,15,20,17,16
297,0,1,17,1,1,3,7,10,8,9,1,7,13,14,19,16
298,0,1,3,2,3,7,8,3,9,8,13,14,14,15,13,0,14,15,10,18,17,19,16,11
299,0,1,1,1,2,3,7,8,9,10,13,14,15,18,14,4,15,20,18,19,16,16
300,0,1,1,2,3,7,10,8,17,10,18,13,14,20,19,16
301,0,18,1,1,1,2,3,7,8,9,13,5,14,15,18,14,15,14,17,15,19,18,20,16
302,0,1,1,1,17,2,3,9,7,9,8,9,1,18,10,13,14,15,19,20,18
303,0,1,2,3,7,18,8,3,10,14,18,15,14,20,19,17,16
304,0,1,17,2,17,10,18,9,0,13,14,15,14,14,15,14,5,15,18,20,19,16,2
305,10,6,1,2,3,7,8,10,18,9,17,4,13,15,14,15,19,18,20,16
306,0,1,18,3,15,7,8,9,10,14,15,14,17,15,14,18,15,20,19,16
307,0,1,1,17,1,2,3,7,10,8,9,13,14,15,18,19,20,16
308,0,1,9,1,2,3,7,8,9,13,10,13,14,17,15,14,18,19,20,16
309,0,1,2,3,17,8,9,10,10,13,18,11,18,14,18,15,14,15,19,20,16
310,0,1,1,1,2,7,10,12,17,9,13,15,14,15,14,15,20,18,18,19,16
311,0,1,1,1,18,2,3,6,7,18,10,9,13,14,15,17,15,14,15,13,19,18,20,16,12,5
312,0,1,2,18,3,15,7,17,0,8,18,9,13,1,14,15,14,15,18,14,16,15,19,20,16
313,0,1,18,5,18,2,3,17,7,8,9,18,10,13,19,14,15,19,16
314,0,1,1,2,3,18,7,10,8,11,9,13,17,14,14,1,15,16,14,15,7,19,20,16
315,0,1,1,2,3,17,7,18,10,18,8,9,13,14,15,6,15,18,15,20,19,16
316,0,1,1,2,3,7,7,8,10,18,9,17,13,18,14,15,19,16
317,0,18,1,3,7,10,8,9,13,14,15,14,15,12,19,20,16
318,0,18,1,2,17,3,7,8,10,9,13,14,15,3,14,15,12,9,18,14,18,20,19,16
319,0,1,1,2,17,2,3,8,10,9,13,14,15,14,15,19,18,18,16
320,0,1,2,3,7,10,8,9,11,13,14,17,14,15,18,19
321,0,1,18,1,1,2,3,7,8,10,9,13,14,15,14,15,6,17,18,14,10,15,20,12,19
322,0,18,1,2,3,17,8,10,18,9,13,14,15,20,19,16
323,0,17,1,2,3,7,8,10,9,13,14,15,18,14,15,20,19,16
324,0,1,2,3,7,8,9,13,17,14,15,14,15,18,15,20,16
325,0,18,18,6,15,17,1,1,18,14,2,3,7,8,9,13,14,14,15,20,19,16
326,0,18,1,13,2,3,17,18,10,8,9,13,14,15,20,19,3,16
327,1,18,1,2,18,3,17,7,16,8,10,9,13,14,15,20,15,19,16
328,0,18,1,1,17,1,2,3,14,7,10,8,9,13,14,19,15,11,19,20,16
329,0,1,2,17,7,10,8,13,6,14,15,5,14,15,18,14,15,18,20,16
330,0,1,18,17,2,3,8,10,0,9,13,14,15,14,15,19,16
331,0,17,1,2,18,18,3,7,10,8,9,13,14,15,14,15,19,16
332,0,2,3,7,18,8,10,17,13,14,15,14,15,18,15,19,16
333,0,1,2,3,17,9,7,8,10,10,5,9,13,18,14,15,14,15,13,20,19,16,4
334,1,1,1,2,3,18,7,8,10,9,14,15,14,18,19,17,15,14,15,20,19,16
335,0,18,1,1,1,2,3,7,8,9,10,13,14,16,18,18,18,15,14,15,14,15,10,17,20,19,16
336,0,1,1,1,19,18,16,2,3,7,8,9,13,14,18,18,14,15,19,17,20,16
337,0,1,6,1,2,8,18,3,18,17,10,8,9,13,14,15,19,16
338,0,18,1,1,1,17,3,7,8,9,10,13,0,14,15,14,15,18,14,15,20,16
339,0,17,18,18,10,1,1,2,3,7,17,8,9,10,13,14,15,19,20,16
340,0,1,2,3,6,7,8,10,9,13,14,15,14,18,15,14,15,20,17,16
341,0,1,1,2,18,3,7,8,10,17,13,3,14,15,19,20,16
342,0,1,2,3,18,6,7,10,8,9,13,14,15,14,13,15,14,18,19,17,20,16
343,0,1,1,1,18,3,6,17,7,10,8,9,13,14,15,19,20,16,14
344,0,1,1,2,3,7,10,14,17,8,9,9,14,14,15,14,3,15,17,20,3,19,16
345,0,18,17,1,2,18,2,17,2,7,8,9,10,13,14,15,6,6,14,15,19,20,16
346,0,18,1,17,2,3,10,8,9,13,14,18,18,15,14,15,14,15,19,20,16
347,0,1,2,3,7,10,8,9,13,18,14,15,14,15,18,15,20,19,16
348,0,17,1,18,2,3,7,10,8,9,13,14,15,18,14,15,19,20,16,6
349,0,1,1,1,17,2,3,7,8,10,9,13,10,18,18,15,14,15,19,20,16
350,1,1,17,1,2,18,7,8,9,10,13,18,14,15,18,14,15,19,20,16
351,0,1,1,1,17,2,18,4,3,7,10,9,18,13,15,20,19,16
352,0,1,2,18,3,7,4,18,8,9,13,17,14,15,14,19,20,8,16
353,0,18,2,7,18,18,3,7,9,10,9,13,14,15,19,20,16
354,0,17,1,18,2,3,8,10,9,13,18,14,15,14,15,18,14,15,19,20,4,16
355,1,1,2,17,3,3,18,7,8,20,10,13,14,15,9,19,20,16,7
356,0,1,0,2,3,7,8,9,10,13,14,8,15,7,14,3,9,15,20,19,16
357,1,1,17,2,3,7,10,8,9,14,13,14,15,14,18,18,15,19,5,20,16
358,0,1,18,17,20,18,2,3,7,8,10,6,9,13,14,15,20,16
359,0,1,1,17,1,2,3,7,19,10,8,9,13,14,15,17,14,15,20,19,16
360,0,1,1,1,2,3,7,17,8,9,10,13,14,15,8,18,20,19,16
361,0,1,1,2,3,7,18,12,8,10,18,9,13,14,14,15,19,20,17,16
362,0,1,1,2,3,12,18,7,8,10,17,9,13,14,15,14,15,11,14,11,15,18,18,19,16
363,0,1,1,2,3,10,18,7,8,10,7,9,13,14,15,14,15,18,20,19,16
364,1,2,3,7,18,8,9,8,10,13,8,14,15,20,17,19,16
365,0,1,2,7,8,10,9,18,13,14,18,15,14,15,14,19,20,16
366,0,3,7,8,9,17,18,10,13,14,15,14,11,18,18,19,20,16
367,0,1,1,3,7,8,18,9,10,13,14,17,15,14,15,18,20,14,20,19,10,16
368,0,1,1,3,18,7,8,10,18,9,13,14,15,14,15,14,15,20,19,17,16,9
369,0,1,17,18,2,3,2,7,10,8,18,9,14,12,15,14,15,14,15,19,20
370,0,1,2,3,7,8,10,9,13,14,15,14,18,15,14,15,19,16
371,0,1,2,3,7,8,10,18,18,18,14,15,16
372,0,1,2,3,7,8,9,10,3,14,15,17,14,15,18,14,15,20,19,16
373,0,18,19,5,18,1,18,17,2,3,4,7,8,10,9,13,14,15,14,20,16
374,0,1,1,1,3,7,17,10,8,9,13,18,14,15,14,15,18,19,18,20,16
375,0,1,2,18,3,7,8,9,10,13,14,15,19,17,20,16
376,0,1,1,2,3,8,17,13,14,18,15,14,15,14,2,15,19,20,16
377,0,18,20,1,1,17,19,1,3,18,7,8,10,15,10,9,13,14,15,20,19
378,0,1,20,1,19,2,3,7,8,9,10,13,14,15,15,17,12,14,15,14,15,18,20,19,16
379,0,1,1,2,3,17,7,8,10,9,13,18,14,8,15,14,8,15,19,2,5,20,16
380,1,1,1,2,3,7,18,10,8,17,9,13,14,15,19,20,16
381,1,11,2,3,4,8,19,10,17,9,13,18,6,14,15,15,19,20,16
382,0,1,1,2,3,7,10,8,9,13,14,17,15,14,15,20,19,20,16
383,0,1,18,1,2,3,7,10,0,8,9,4,13,14,15,14,17,15,14,15,18,20,19,16
384,0,18,1,1,2,3,7,9,17,4,10,13,4,18,19,14,14,15,14,15,20,19,18,16
385,18,2,3,7,11,10,8,9,13,14,2,17,15,19,20,16
386,0,19,18,1,2,3,13,7,8,10,9,9,13,14,15,19,20
387,0,4,7,1,2,3,7,18,8,9,13,17,14,15,8,14,14,15,19,18,20
388,0,17,1,2,3,7,10,8,9,13,18,14,18,15,18,14,15,19,20,16
389,0,1,1,1,2,3,17,20,7,8,9,10,13,15,14,15,20,19,18,16,2
390,0,1,17,2,3,7,8,18,10,9,13,14,15,19,20
391,0,18,1,17,3,2,3,7,10,8,13,14,15,14,5,12,15,20,19,16
392,0,1,18,18,3,7,8,9,10,13,14,15,14,15,14,15,20,18,20,17,16
393,0,2,3,7,18,18,8,10,9,18,13,14,17,15,14,15,17,20,19,10,16
394,0,18,18,1,2,3,7,5,9,18,14,15,14,15,2,19,20,6,17,16
395,0,1,3,7,8,10,0,9,13,3,14,15,14,1,15,20,19,18,15,16
396,0,17,1,1,1,6,2,3,8,18,20,9,10,18,13,14,15,19,11,20,16
397,0,18,2,18,17,8,9,10,13,18,14,15,14,15,19,20,16
398,1,0,1,1,18,2,7,17,10,9,13,15,19,19,20,16
399,0,1,18,2,3,7,9,13,18,14,15,15,19,17,16,17
400,0,18,1,2,3,7,18,4,10,8,9,14,15,18,14,17,20,19
401,0,1,5,1,2,18,3,7,18,18,8,10,9,13,15,20,19,16
402,0,1,1,3,18,7,18,8,9,2,13,14,15,18,18,14,17,15,14,18,15,19,20,16
403,0,1,18,1,1,3,7,8,17,9,13,18,14,8,15,20,19,16
404,0,18,1,17,1,2,3,7,18,8,19,9,2,10,13,14,18,15,12,14,15,13,20,19,16
405,0,17,1,1,2,3,7,18,10,8,9,13,14,15,14,15,14,18,15,2,18,20,19,16
406,0,17,1,1,2,3,18,7,8,18,9,10,13,11,15,20,19,18,16
407,0,1,1,18,2,3,7,10,3,17,8,9,13,15,18,14,14,15,19,20,16
408,0,1,16,2,3,7,8,10,9,13,17,14,15,19,20,18
409,1,13,1,2,3,7,8,18,9,10,13,14,3,15,8,20,19,16
410,0,1,2,3,7,10,1,8,9,17,13,14,15,19,20,7,16
411,1,2,18,18,17,3,7,8,10,9,13,14,15,18,14,15,20,0,16
412,0,1,1,2,3,3,8,7,17,8,9,10,18,13,14,18,0,15,14,15,20,16
413,0,1,2,3,7,10,8,9,13,14,18,15,14,15,18,14,17,15,9,19,20,16
414,0,18,1,1,2,18,3,7,10,8,9,18,13,14,15,19,20,16
415,0,1,1,17,18,2,18,3,7,10,9,13,18,14,15,14,15,20,19,14,16
416,0,1,5,1,18,2,3,7,10,8,9,13,14,18,15,14,20,18,19,17,16
417,0,18,1,2,2,3,10,8,9,13,14,14,15,14,17,15,20,19,16
418,0,16,3,7,19,8,9,13,14,18,15,0,17,14,15,19,20,16
419,0,1,19,1,1,2,3,7,10,8,17,9,18,13,19,14,15,14,6,15,20,14,15,20,4,19,16
420,0,1,1,1,2,3,7,10,17,1,18,9,13,14,15,18,18,14,15,19,20,16
421,0,1,19,1,3,8,9,10,7,18,13,14,15,14,15,14,19,3,17,20,16
422,0,18,1,2,3,17,8,9,10,14,18,19,20,16
423,0,1,1,1,2,3,17,7,8,4,10,18,9,13,14,15,14,15,14,2,15,5,19,18,18,20,16
424,0,1,8,1,2,3,7,8,17,10,9,13,14,15,14,15,18,18,20,19,16
425,0,1,19,18,19,2,3,7,10,18,8,9,3,13,14,15,14,11,18,20,16,2
426,0,1,2,3,3,18,10,8,9,17,13,14,15,20,19,16
427,18,18,1,2,17,3,7,8,0,10,9,13,14,15,14,15,20,13,19,16
428,0,1,1,2,17,3,7,2,8,9,18,10,13,14,18,15,14,15,14,18,15,20,19,16
429,0,1,3,7,11,8,17,10,13,14,1,15,19,18,18,18,18,12,20,16
430,0,1,1,17,1,2,16,3,7,8,10,18,13,14,15,18,9,14,15,14,20,17,15,19,20,16
431,0,2,3,7,8,18,9,10,13,14,18,15,20,17,19,17,16
432,0,1,1,1,2,17,3,7,8,9,10,13,14,15,18,14,15,14,15,20,19
433,0,1,1,7,3,10,8,9,17,18,14,18,3,3,15,14,15,14,15,18,19,20,16
434,1,1,2,3,7,8,9,18,10,13,14,15,14,15,17,19,16
435,0,1,1,1,18,3,7,10,8,9,9,13,17,14,18,15,11,14,15,14,5,15,20,19,16
436,0,1,13,2,3,17,18,7,0,8,9,10,13,14,15,14,15,17,20,18,18,19,16
437,0,1,1,2,7,19,8,0,17,18,8,18,9,16,18,13,14,14,15,19,20,16
438,0,1,1,18,2,3,7,8,10,9,13,14,17,12,20,16
439,0,1,1,18,2,3,7,10,8,13,14,17,20,19,16
440,0,1,2,7,8,10,8,18,9,17,14,15,18,14,15,10,19,20,16
441,0,1,18,1,2,3,7,10,18,17,8,9,13,14,15,20,19,16
442,0,18,1,17,1,1,2,3,7,8,9,10,13,14,15,14,18,15,18,20,19,16
443,0,17,1,2,3,2,7,10,11,9,18,13,14,6,15,20,18,19,16
444,0,1,2,3,7,8,10,18,9,13,14,15,15,20,19,16
445,0,1,1,6,1,2,18,3,7,10,8,9,13,17,18,14,15,7,20,10,19,16
446,0,18,1,1,18,1,2,3,7,8,18,10,9,13,1,14,15,15,19,20,16
447,1,2,7,8,9,10,13,14,5,18,15,20,19,16
448,0,1,1,2,1,3,7,20,8,10,9,13,17,18,14,15,19,16
449,0,1,2,3,20,7,8,10,9,13,18,17,14,17,15,20,19,16,6,8
450,0,1,2,13,3,18,7,1,17,8,9,10,13,14,15,19,20,16,15
451,0,1,12,1,1,2,3,5,7,8,18,9,18,10,13,14,17,15,19,20
452,0,17,1,1,3,1,2,3,7,8,9,13,18,14,11,15,14,19,20,16
453,0,1,1,17,18,8,18,9,13,14,15,14,15,18,14,15,19,20,16
454,0,1,17,18,7,2,18,3,7,9,13,15,14,20,18,19,18,16
455,0,2,3,10,8,17,18,9,13,8,14,15,14,15,20,16
456,0,14,1,18,2,3,7,10,9,13,14,15,17,14,4,18,15,20,19,16
457,0,1,2,7,10,8,9,18,13,14,15,14,14,15,19,16
458,0,1,18,2,3,7,8,9,10,13,17,14,15,14,10,18,14,9,15,20,19,16
459,0,18,5,1,1,9,17,16,2,3,5,10,8,18,9,13,14,15,20,19,6,16
460,0,1,1,1,3,7,8,10,10,18,9,13,14,15,14,15,17,14,20,18,16
461,0,18,1,1,1,2,3,7,8,10,9,13,14,15,18,15,17,20,16
462,0,1,18,2,3,7,8,9,3,18,10,18,13,14,19,20,2,16,12
463,0,18,17,1,1,2,3,7,18,10,9,13,14,0,15,19,20,16
464,0,18,17,1,18,1,2,3,0,7,10,8,11,9,13,14,14,5,15,14,15,19,20,16
465,10,11,8,1,1,17,2,3,18,18,7,10,8,18,7,13,14,15,20,19,16
466,0,1,1,1,19,17,18,8,10,9,13,14,15,14,15,14,15,19,20,18,16
467,0,17,1,2,3,16,7,8,10,12,9,3,13,14,18,15,18,19,20,16
468,1,7,9,1,17,3,7,8,6,18,9,10,13,14,15,14,15,14,20,19,16
469,0,1,2,3,7,8,10,9,13,14,15,14,17,15,14,15,1,20,2,19
470,0,8,10,1,2,3,7,10,8,9,17,2,18,14,15,14,15,19,20,16
471,0,1,14,7,18,10,13,8,9,17,13,18,15,14,12,15,19,20,16
472,11,18,2,3,7,10,10,8,9,20,13,17,14,7,15,15,19,16
473,0,3,1,18,1,18,1,2,3,7,8,10,9,13,14,15,14,15,19,20,16
474,0,18,18,1,1,1,1,2,3,7,18,17,8,10,9,13,15,19,20,16
475,0,19,1,1,1,20,2,3,18,7,8,9,10,18,13,16,14,15,14,15,14,15,20,19,16
476,0,17,1,1,1,3,7,18,10,8,9,13,15,14,15,14,15,20,19,16
477,0,1,1,2,3,7,17,8,9,10,18,14,15,15,19,9,16
478,0,1,15,1,17,1,18,2,3,8,10,9,13,14,15,20,19,16
479,0,1,17,2,3,18,7,8,18,9,10,13,3,14,15,13,19,16
480,0,1,2,18,3,17,18,7,8,10,9,13,14,15,20,16,15
481,0,1,1,1,2,3,7,10,8,18,17,9,13,14,15,14,15,19,18,20,16,1
482,0,1,2,7,10,8,17,9,13,18,2,14,15,14,18,15,17,19,20,16
483,0,1,1,6,2,3,7,8,9,10,9,13,18,14,15,14,15,14,18,17,15,19,20,16
484,1,2,3,7,8,20,10,13,15,14,15,17,18,19,20,16
485,1,5,1,1,2,3,7,10,9,13,14,15,17,14,11,19,18,15,19,20,17,9,16,18
486,0,17,1,1,1,3,18,7,8,10,12,9,18,13,14,15,14,20,15,19,20
487,0,15,1,2,3,7,8,10,18,13,14,16,15,17,19,20
488,0,10,1,1,1,2,3,7,10,8,9,13,14,14,15,20,19,18,17,16
489,0,18,1,1,1,2,3,3,7,17,10,10,8,9,13,18,19,14,18,15,14,15,8,20,19
490,0,10,17,1,1,2,3,7,20,15,9,10,18,18,18,14,15,20,19,16
491,0,1,3,10,8,9,18,13,14,15,16,14,15,20,16
492,0,17,18,1,2,3,18,7,8,9,10,18,14,15,14,15,20,19,16
493,0,17,1,1,2,3,7,8,10,9,2,13,14,15,18,1,17,14,15,19,20,16
494,0,1,1,1,2,18,3,7,18,10,8,13,9,13,17,5,14,19,18,20,16
495,0,17,18,1,2,3,7,8,9,18,13,18,14,20,19,16
496,0,1,2,3,7,18,8,10,9,13,14,15,14,15,17,19,13,16
497,0,18,1,1,17,2,3,7,18,8,9,10,13,14,15,14,15,0,15,20,12,19,5
498,0,1,1,1,2,17,3,7,8,9,10,13,18,14,15,7,14,15,14,15,19,20,16
499,0,1,1,17,17,1,2,3,7,18,8,9,10,13,4,14,15,14,8,15,14,15,19,20,16
500,17,1,1,1,2,3,18,9,10,13,14,15,15,19,20,20,16
501,0,17,1,1,2,15,18,3,7,8,10,9,13,14,15,14,15,16,14,15,19,16,8
502,0,1,2,3,7,10,17,8,9,13,14,15,19,20,16
503,0,1,2,6,3,7,10,15,8,9,14,8,18,15,14,18,17,15,19,20,16
504,0,10,1,2,3,7,18,8,18,9,10,13,0,14,15,18,7,15,14,17,20,19,16
505,0,1,1,18,2,3,17,18,7,8,19,13,18,8,5,15,14,15,20,19,16,14
506,0,18,1,18,2,3,7,10,8,9,18,17,14,15,15,2,15,19,20,16
507,0,18,18,17,1,1,2,3,7,10,8,1,9,14,15,14,15,14,1,15,20,19,16
508,17,1,18,1,2,3,7,8,9,18,10,13,14,15,14,15,14,15,18,17,7,19,20,16
509,0,1,1,1,2,3,7,10,8,9,17,13,14,18,15,20,19,19,16,13
510,0,1,17,2,7,10,8,9,13,14,15,14,15,14,15,19,9,20,18,16
511,1,1,1,2,3,7,8,10,9,13,15,15,14,17,20,19,16,8
512,9,1,3,7,18,18,8,18,10,1,11,17,12,13,14,15,20,16
513,0,1,2,18,3,7,8,9,12,20,13,9,14,15,20,19,17,16
514,0,18,1,2,18,3,7,8,10,9,11,12,13,14,17,15,19,20,16,1
515,0,1,2,3,0,7,8,9,20,10,11,12,10,18,14,15,14,19,20,16
516,0,5,1,2,3,7,9,17,19,11,12,13,14,17,19,18,20,2,16
517,0,1,1,1,18,2,18,3,8,10,18,11,13,14,15,17,20,19,16
518,0,1,1,2,3,17,7,10,8,9,10,11,12,13,18,14,15,14,15,20,19,16
519,0,1,4,2,3,7,8,10,9,17,12,13,14,18,15,14,15,14,15,7,19,20,16
520,0,18,11,17,1,1,2,3,7,8,9,10,11,12,13,14,15,19,20,16,3
521,0,1,6,3,7,10,8,17,9,11,12,18,13,14,15,14,15,20,19,9,16
522,0,1,1,2,3,7,10,8,9,18,11,12,13,11,15,20,19,16
523,0,1,1,2,3,17,7,10,8,9,11,12,13,14,4,15,19,18,20,16
524,0,8,1,1,2,1,3,18,7,8,9,10,11,12,13,14,15,17,19,20,16
525,0,1,18,2,20,3,7,10,8,9,11,17,19,12,13,14,18,15,19,20,16
526,0,1,2,0,3,8,10,11,18,17,12,13,9,14,15,13,20,16
527,0,1,2,17,3,7,8,10,8,9,11,18,12,13,18,14,15,20,19,16
528,0,17,1,18,1,2,1,3,7,8,9,10,11,13,14,15,14,19,15,18,19,19,20,16
529,18,1,7,1,1,16,2,3,19,7,10,9,11,12,13,14,15,14,15,14,17,15,20,19,16
530,0,18,1,1,1,2,7,10,8,9,11,12,18,17,13,14,16,15,20,16
531,0,1,1,3,7,4,8,18,17,10,11,13,14,15,19,18,20,16
532,0,1,2,3,7,8,17,18,10,9,11,12,14,15,20,18,18,19
533,0,1,4,1,2,18,17,3,7,10,8,20,9,11,12,13,14,15,14,15,14,15,20,20,16
534,0,1,2,18,3,7,10,18,9,12,14,15,14,15,11,14,15,20,19,16
535,0,1,1,2,7,10,10,17,8,9,11,12,13,15,14,15,14,15,18,19,20,0,16
536,0,1,2,3,7,18,8,9,11,18,12,13,14,13,18,15,19,20,16
537,0,1,2,3,7,10,8,18,9,11,12,13,1,15,18,14,17,1,15,19,2,20,16,4
538,0,1,1,1,2,3,7,17,8,9,18,18,11,12,14,15,14,15,18,19,20,16
539,0,17,1,1,1,18,2,3,7,8,10,9,11,12,13,16,15,18,14,20,19,16
540,0,18,1,2,3,7,8,18,9,10,11,12,13,14,17,15,14,15,2,14,15,19,20,16
541,0,1,1,2,3,7,10,16,8,9,11,12,13,14,18,15,14,17,15,20,19,16
542,0,1,1,1,2,3,17,18,7,17,8,9,10,11,18,13,14,15,14,18,20,17,19,16
543,1,18,2,3,7,10,5,8,9,11,12,13,14,15,17,18,17,19,16
544,0,1,6,17,2,18,3,18,7,8,18,9,12,9,13,14,15,14,15,20,19
545,0,1,1,1,2,3,18,5,9,10,11,12,13,14,20,17,15,19,20,16
546,0,1,18,18,2,3,7,8,18,1,17,14,9,10,11,12,13,14,15,14,15,14,15,20,19,16,8
547,0,1,12,6,1,2,18,7,8,10,9,18,11,18,9,12,17,13,14,15,14,15,14,15,20,19,16
548,0,1,1,1,10,2,3,18,7,8,10,5,9,11,13,15,14,3,20,17,19,16
549,0,1,1,3,7,10,8,18,10,9,11,12,13,14,15,14,15,14,17,15,19,20,16
550,0,18,1,1,2,3,14,7,10,8,9,11,10,16,12,14,15,14,19,20,17,16,9
551,0,1,2,3,18,5,7,18,8,10,9,17,11,15,12,13,14,15,20,19,16,8
552,0,1,1,17,8,2,3,7,10,18,8,9,11,12,3,13,14,15,19,16
553,0,1,17,1,1,2,3,7,8,10,18,9,11,12,13,18,14,15,19,16
554,0,1,1,1,2,3,4,7,14,17,8,8,9,10,11,18,12,13,15,14,15,20,19,18
555,0,1,2,6,1,3,7,18,8,9,18,18,11,12,13,14,15,14,15,14,17,15,20,19,16
556,0,11,1,1,2,3,7,4,10,8,4,9,8,11,12,13,14,17,14,15,14,18,15,20,19,16
557,0,1,1,2,3,7,8,9,10,11,12,13,14,15,14,15,18,17,7,17,16
558,0,1,1,2,3,7,10,8,18,11,0,12,13,1,18,15,15,14,15,19,20,17,16
559,0,1,18,2,3,7,10,8,9,11,12,13,17,15,14,18,15,20,19,16,16
560,0,1,18,1,2,3,8,10,9,11,17,12,3,13,14,15,14,13,15,19
561,0,1,1,2,3,7,11,8,10,17,9,11,12,9,14,15,14,15,20,18,19,16
562,0,1,1,18,1,2,3,7,10,8,9,18,18,11,17,12,13,15,20,19,3,16,0
563,0,1,18,1,1,18,2,3,7,10,17,9,11,12,13,14,18,15,19,20,16
564,0,1,6,1,2,12,3,7,10,8,9,11,13,18,13,14,15,19,20,16,18
565,0,18,17,18,1,12,6,2,3,7,10,9,11,12,13,14,18,15,14,15,14,15,19,16
566,0,1,2,18,3,7,8,10,9,18,17,11,12,13,12,14,15,3,19,20,16,12
567,0,1,1,17,1,2,18,1,9,3,19,7,8,4,10,9,11,12,18,13,14,15,19,18,20,16
568,0,18,17,18,1,1,0,1,2,3,7,8,0,10,9,11,12,13,14,15,20,14,18,4,19
569,0,1,1,1,1,2,3,7,10,9,11,17,13,14,3,15,18,18,18,19,20,16
570,0,1,2,18,3,1,18,3,10,8,12,9,13,17,14,15,14,15,14,18,20,18,16
571,0,1,18,1,17,9,2,3,7,8,10,9,11,12,13,14,15,2,19,20,18,16
572,0,18,1,1,1,2,17,3,7,8,10,9,11,8,12,13,14,15,19,16,16,8
573,0,1,1,2,3,7,17,10,18,8,9,11,12,13,4,14,2,19,16
574,0,17,18,18,1,2,3,12,7,10,8,9,11,12,13,14,15,20,14,6,15,20,19,16
575,0,18,1,1,17,1,2,3,7,18,10,18,8,9,11,12,13,14,15,14,15,14,20,19,16
576,1,1,2,8,18,7,8,9,3,10,11,12,13,17,14,15,18,14,15,14,18,19,20,16
577,0,1,2,3,7,8,17,10,11,14,15,14,15,14,15,3,19,20,16,2
578,18,1,2,3,17,7,10,8,9,11,12,13,15,14,15,15,19,20,17,16
579,0,1,18,2,3,7,10,8,0,9,11,12,17,13,14,18,18,15,14,20,19,16
580,0,18,2,18,3,7,10,8,9,11,12,9,13,14,15,20,19
581,0,1,2,1,3,11,18,7,8,9,17,10,17,11,12,18,3,13,14,3,15,15,14,18,15,19,20,3,16
582,0,1,1,2,3,7,8,1,9,11,12,13,14,17,15,14,15,18,20,19,16
583,0,6,18,1,1,1,2,3,7,17,8,18,9,10,18,11,15,12,17,13,14,2,15,14,15,20,19,16
584,0,1,1,2,3,7,8,10,9,11,18,6,12,13,14,3,17,15,18,14,15,19,20,16
585,0,1,1,6,3,9,7,18,8,10,18,17,9,20,11,15,13,14,18,15,14,15,20,19,16
586,0,1,1,1,2,3,7,2,9,10,18,18,11,12,13,14,15,14,15,17,18,20,19,16
587,0,1,1,1,2,3,7,17,8,9,11,18,12,13,15,18,18,15,14,15,20,5,19,16
588,0,12,13,1,2,3,18,18,7,17,8,10,9,11,12,13,14,15,19,20,16
589,1,1,1,2,3,1,17,7,1,8,9,10,11,13,18,14,1,15,8,14,15,19,16
590,0,18,1,1,1,2,3,17,6,7,8,9,11,18,12,8,13,14,15,14,15,14,15,20,16
591,18,17,1,1,1,2,3,7,8,10,8,9,18,11,5,12,13,14,1,15,19,20,18,16
592,0,18,18,1,1,2,3,7,8,9,10,11,12,13,14,15,14,7,18,15,14,15,19,17,20,16,0
593,0,1,2,3,7,8,10,18,9,11,12,13,14,15,18,15,17,14,11,15,20,19,16
594,0,1,18,1,1,14,2,3,7,8,10,9,11,11,13,13,14,18,15,14,15,19,20,16
595,0,1,1,18,2,3,7,18,8,10,9,11,12,13,17,18,14,15,3,18,19,20,16
596,0,1,1,1,2,1,3,7,10,8,16,18,9,12,13,17,14,15,20,19,16
597,18,1,3,7,7,8,9,11,12,17,18,11,14,15,14,14,15,19,18,20,16
598,0,18,1,1,2,17,3,16,7,8,10,18,11,12,6,13,14,15,6,14,15,19,20,16
599,0,7,17,1,18,1,2,6,3,7,8,10,11,12,19,14,15,20
600,0,1,1,2,3,18,3,7,10,8,10,9,11,12,17,13,14,14,15,9,4,20,19
601,0,1,1,1,2,3,7,10,8,9,11,18,13,14,14,14,15,12,17,18,20,19,16
602,0,1,1,12,3,7,18,8,10,11,6,11,12,13,17,1,14,14,12,15,18,15,20,16
603,0,17,1,3,7,8,18,10,9,11,19,12,13,14,15,18,20,16
604,0,1,2,1,1,2,3,7,18,8,10,7,9,11,18,12,17,18,13,15,14,19,20
605,0,18,1,1,3,8,9,10,11,18,9,17,12,9,14,15,19,20,7,16
606,0,1,1,1,2,3,7,18,8,10,9,11,12,12,13,14,17,15,14,16,18,15,20,18,19,16
607,1,1,18,2,3,7,10,17,11,12,18,13,14,18,17,15,20
608,0,1,1,2,3,7,10,8,9,10,11,12,13,17,14,15,15,14,12,15,18,20,16
609,0,1,18,1,2,3,5,10,8,19,9,17,11,13,14,18,15,18,14,15,20,19,16
610,0,1,2,3,7,8,10,9,18,4,3,12,13,14,15,14,18,15,14,15,17,19,16
611,0,1,1,1,3,7,10,8,9,11,12,13,5,11,17,14,14,18,15,14,15,20,18,19
612,1,1,1,2,3,7,8,10,18,9,11,13,14,14,15,0,18,19,20,16
613,0,1,1,2,1,3,7,18,10,8,9,11,12,13,18,14,15,3,17,19,20,16
614,0,18,1,2,3,7,8,9,10,17,11,12,15,13,14,15,19,16,18,20,16
615,0,18,17,12,2,3,7,16,8,9,10,11,12,14,15,14,18,15,14,15,20,19,16
616,0,1,2,3,7,10,8,9,11,12,13,18,14,15,14,8,15,14,15,20,19,17,16
617,1,1,2,7,8,10,9,11,12,13,15,14,15,17,6,14,18,15,18,10,14,20,19,16,11
618,0,18,1,1,18,2,3,18,7,8,10,9,11,12,14,3,15,15,15,15,19,17,20,16,7,17
619,0,1,1,2,17,7,8,9,10,15,11,12,18,13,14,15,14,18,15,20,18,19,16
620,0,1,18,1,2,2,15,18,3,7,8,10,18,11,12,17,13,14,3,17,15,15,19,15,20,16
621,0,1,2,18,19,3,7,10,17,8,16,9,11,18,12,14,15,19,17,7,20,16
622,0,18,14,17,1,1,1,2,3,7,8,9,10,11,18,13,15,20,19,16
623,0,1,2,3,1,7,8,9,10,11,17,12,13,18,18,18,15,20,16,17
624,0,1,18,1,2,3,1,17,10,8,9,12,13,14,18,14,18,15,20,7,16,5
625,0,1,1,2,18,3,10,8,19,9,11,12,17,13,19,14,15,14,15,19,20,16
626,0,18,1,1,1,2,18,3,7,18,17,13,10,9,11,12,13,14,15,14,15,15,20,19,16,2,9
627,0,1,1,2,3,7,8,10,2,9,11,12,13,8,18,14,15,19,20,17,16
628,0,18,1,2,18,11,18,3,7,8,17,9,10,11,12,13,14,15,20,12,19,16,0
629,1,2,3,7,8,10,9,11,17,18,13,14,15,14,15,14,15,20,19,16
630,0,1,1,1,2,3,7,8,9,10,11,12,13,2,14,17,15,14,15,20,19,16
631,0,1,4,1,1,2,3,7,10,9,11,12,14,15,14,15,14,17,18,15,19,20,16
632,0,1,1,1,2,3,7,8,9,10,11,12,13,15,20,19,20,18,18,17,16
633,0,1,1,18,3,7,8,7,18,9,10,12,13,14,14,15,17,14,15,20,19,16,9
634,0,1,1,19,2,3,7,18,8,10,18,11,12,18,13,14,15,14,15,20,19
635,0,1,1,2,3,17,7,10,8,9,11,12,13,14,15,8,15,14,15,15,19,18
636,0,1,1,2,5,18,3,7,10,8,9,11,17,12,13,14,15,14,15,14,19,20
637,0,18,1,2,3,7,10,8,11,12,18,13,14,15,20,19,17,16
638,0,1,1,2,3,7,18,9,8,9,10,11,12,9,14,17,17,15,19,20,16
639,0,1,1,2,3,18,8,9,2,10,17,11,15,12,13,14,15,14,15,20,18,16
640,1,18,1,4,5,6,7,18,8,17,15,19,20,16,4
641,1,1,18,1,4,5,7,18,8,9,5,13,14,15,0,17,19,16
642,0,1,19,18,17,1,1,5,6,7,3,8,17,9,13,14,15,14,15,19,20,16
643,0,18,1,1,5,6,7,10,8,9,13,14,15,14,15,20,19,16
644,0,1,1,1,17,4,5,6,7,8,18,10,9,13,14,15,5,19,20,20,16,5
645,18,1,1,4,10,5,6,7,8,10,9,14,15,14,15,14,0,15,20,19,17,16
646,0,1,4,1,17,4,5,18,6,7,17,10,13,14,18,15,20,19,16
647,0,1,1,17,1,4,6,7,1,8,7,18,13,14,15,7,20,15,19,16
648,0,1,17,1,4,5,6,7,3,10,8,9,13,14,15,14,15,19,20,16,3
649,0,1,5,6,7,8,9,10,13,17,14,15,11,14,15,14,19,18,2,20,16
650,0,1,18,1,1,1,4,13,6,7,8,9,10,12,13,18,14,15,15,14,15,20,17,18,19
651,17,1,1,13,4,5,6,18,7,8,10,9,8,13,14,15,14,15,19,18,20,16
652,0,1,4,18,17,5,6,7,8,10,18,9,13,14,15,20,10,16
653,0,1,1,4,5,6,7,8,9,10,13,14,15,14,15,14,18,15,20,17,19,16
654,0,1,1,4,17,18,5,6,18,7,18,9,10,1,13,14,15,17,14,15,4,15,20,19,16
655,0,1,18,1,4,5,10,6,18,7,10,8,9,13,14,15,14,15,19,20,16,19
656,0,1,1,4,15,5,14,6,7,8,10,9,17,18,15,19,20
657,0,18,1,1,18,13,4,5,6,6,7,17,8,18,9,13,10,13,9,15,15,15,20,19,16
658,0,1,4,5,6,17,18,10,8,18,9,13,17,14,15,14,15,19,16
659,0,1,1,1,4,5,6,7,10,8,18,9,13,0,14,9,15,5,14,15,17,18,19,20
660,0,1,4,5,6,8,9,13,18,14,17,15,18,14,14,15,19,20,16
661,0,1,4,5,6,7,10,8,9,10,13,18,14,15,18,19,13,16
662,1,4,5,6,7,8,10,9,13,14,11,14,15,14,15,20,14,17,18,19,16
663,0,18,1,1,1,18,18,1,4,17,5,6,7,8,10,9,13,14,15,19,20,16,9
664,0,18,1,1,1,4,5,6,13,7,8,10,9,18,17,13,14,15,14,15,16,14,15,20,19,16
665,0,1,18,4,5,6,18,7,8,9,10,13,18,16,15,17,19,20
666,0,18,1,4,5,6,10,7,8,10,15,9,17,13,14,5,15,14,15,19,16,0
667,0,1,1,4,6,18,18,8,16,9,10,18,15,13,14,8,15,14,15,19,20
668,18,3,5,6,7,10,5,17,9,8,13,14,15,14,15,20,19,16,15
669,0,1,18,1,1,4,18,6,7,8,17,10,13,14,15,14,15,1,14,20,19,16
670,0,13,1,4,6,7,18,5,18,8,10,9,13,14,15,14,19,20,17,15,16
671,0,1,1,1,4,5,6,10,8,9,17,13,14,19,14,15,18,17,20,19,16
672,0,18,1,1,1,4,5,18,6,17,7,8,20,10,9,13,14,18,15,20,19,16
673,0,17,1,18,1,4,6,7,10,9,13,14,18,15,14,15,19,20,16
674,0,1,4,5,18,6,7,10,2,17,18,4,8,9,6,18,13,14,15,14,15,20,19,16
675,0,1,4,5,6,7,10,8,9,13,14,15,17,19,20,16,16
676,0,1,4,1,1,4,19,5,6,7,8,9,10,13,14,17,15,14,18,19,20,16
677,4,5,7,6,7,8,10,9,17,13,18,14,18,15,14,15,18,14,7,15,20,19,16
678,0,1,1,4,10,5,20,6,6,18,17,7,8,9,10,13,14,15,14,19,6,19,20,16
679,0,18,1,4,5,6,7,8,10,9,17,13,14,15,14,15,8,14,15,19,20
680,0,18,0,1,1,1,4,5,6,10,8,9,17,14,13,18,14,15,20,19,16
681,1,4,18,5,6,7,8,9,10,18,17,13,14,18,15,19,20,16
682,0,1,1,1,4,5,17,6,7,8,9,10,18,12,13,14,15,18,14,20,15,19,16
683,0,1,18,1,17,4,5,6,7,10,7,8,18,9,13,17,14,15,14,15,19,20
684,0,1,4,5,6,7,10,8,18,17,9,13,14,15,20,3,16
685,0,17,1,1,1,4,5,19,6,7,10,8,9,13,9,18,14,15,14,15,14,15,20,19,16
686,0,8,1,17,4,4,6,7,8,9,10,13,14,15,14,14,18,15,14,15,20,19,16
687,0,1,1,7,1,4,5,12,6,8,10,9,17,2,13,14,3,15,14,15,18,20,16
688,0,1,1,1,18,17,1,13,4,17,5,6,7,8,18,9,10,13,14,15,14,16,15,18,20,19,16
689,0,1,18,18,1,4,5,6,7,8,9,10,13,17,14,15,20,11,19
690,0,1,1,1,4,18,3,5,6,10,17,13,14,18,15,0,14,15,14,15,6,20,19,16
691,0,18,1,4,18,5,17,6,7,8,9,10,13,14,18,15,14,15,14,20,19
692,0,17,6,1,4,18,5,6,7,8,9,18,10,13,14,15,14,15,15,19,20,16,14
693,0,1,4,10,6,7,8,0,18,10,9,18,13,2,14,15,14,17,15,19,20,16
694,0,1,4,17,5,6,7,8,13,14,19,20,16
695,0,1,1,5,6,18,7,18,8,9,10,13,14,14,15,20,19,17,16
696,1,18,4,5,6,18,7,8,9,10,13,14,15,19,20,16
697,0,1,1,4,5,7,10,8,13,14,15,14,17,15,14,15,20,18,16
698,0,18,1,4,6,7,8,10,9,13,17,15,14,15,19,20,16
699,0,1,1,1,4,5,6,18,7,8,10,9,13,14,15,14,15,19,20,18,16
700,0,18,1,18,1,1,4,5,6,7,8,9,18,10,13,14,15,14,15,19,20,16
701,0,1,18,4,18,17,5,6,7,10,8,9,13,14,15,14,15,14,15,18,19,20,16
702,0,18,1,1,4,5,6,17,7,8,9,10,13,14,15,14,15,14,15,20,19,16
703,1,4,6,18,18,7,8,9,18,13,14,15,19,20,17,16
704,0,1,18,1,4,5,6,7,8,9,10,14,15,17,18,20,19,16
705,0,1,1,4,6,7,10,8,18,9,13,14,15,18,19,18,20,16
706,0,1,18,1,4,5,6,7,17,8,9,18,10,13,18,15,14,15,14,15,20,19,16
707,0,17,1,1,1,4,5,6,7,8,9,10,18,13,14,15,14,15,20,19,16
708,0,1,4,5,6,7,18,10,8,9,13,14,18,15,14,15,19,17,20,16
709,0,18,18,1,1,1,18,4,17,5,6,7,9,10,13,14,15,14,15,14,20,19,16
710,0,1,4,18,5,18,7,17,10,9,13,14,15,14,15,19,20,16
711,0,1,1,4,5,18,6,7,10,8,9,13,14,15,17,14,14,15,20,16
712,0,17,18,4,5,6,7,8,10,9,13,14,18,15,18,14,15,14,15,20,19,16
713,0,1,1,1,4,5,6,7,8,10,9,13,14,14,18,15,20,16
714,0,1,1,4,18,17,5,6,7,8,10,9,13,18,15,14,15,18,14,15,20,19,16
715,0,18,1,5,6,7,9,13,14,15,17,14,15,20,16
716,0,1,4,7,18,10,18,8,17,9,13,14,15,18,14,15,14,15,20,19,16
717,0,1,1,4,5,6,7,8,9,17,13,18,14,15,18,19,20,16
718,0,18,1,4,17,18,6,18,7,10,9,13,14,15,14,15,20,16
719,0,18,1,1,1,4,5,6,7,18,8,10,14,18,15,15,17,20,16
720,0,1,4,5,6,7,8,10,18,17,9,13,18,14,15,19,20
721,0,18,1,4,5,6,17,18,7,8,10,9,13,14,15,20,18,19,16
722,1,1,4,5,6,7,8,10,9,13,14,15,18,17,14,15,14,15,19,20,16
723,0,18,1,1,4,6,7,10,8,9,13,14,15,20,19,16
724,0,1,17,18,4,5,7,10,8,9,13,14,15,19,20,16
725,0,1,4,5,6,7,10,8,18,9,13,15,14,18,15,17,15,19,20,16
726,0,1,1,1,4,5,6,7,8,10,9,13,14,15,20,17,18,19,16
727,0,1,17,5,6,18,7,8,9,10,13,14,15,20,19,16
728,0,1,1,4,5,18,17,18,6,7,8,9,10,14,15,20,19,16
729,0,18,1,4,5,6,7,8,10,13,17,14,15,14,15,14,15,19,20,16
730,0,1,4,18,5,6,7,17,10,9,13,15,15,20,19
731,1,4,18,7,10,17,8,13,18,14,15,14,15,19,16
732,0,17,1,1,4,5,6,18,7,8,9,10,13,14,14,18,15,19,18,20,16
733,0,1,4,18,5,6,7,17,10,8,9,18,13,14,19,20,16
734,0,1,1,1,18,4,5,6,7,18,9,10,13,17,14,15,20,19,16
735,0,1,4,5,6,17,7,8,10,18,13,14,15,14,15,19,20,16
736,0,1,4,5,6,7,8,9,10,13,18,14,15,18,14,15,14,15,19,17,20,16
737,0,1,4,5,6,7,8,10,18,18,18,9,15,14,15,17,14,15,19,20,16
738,0,1,1,17,1,4,5,6,18,7,18,8,10,9,13,14,15,20
739,0,1,1,1,4,5,6,7,8,9,10,18,17,13,14,15,19,20,18,16
740,0,1,1,4,5,6,7,10,8,9,18,13,17,14,15,14,18,15,19,20,16
741,0,1,17,1,4,5,6,7,8,10,18,13,18,15,14,15,14,15,20,19,16
742,0,1,1,18,1,4,5,6,7,8,9,10,13,14,15,14,14,15,19,20,17,16
743,0,1,4,5,6,10,8,9,13,14,14,15,20,19,17,18,16
744,0,1,1,4,6,18,7,8,9,18,17,13,14,15,18,14,15,14,15,20,19,16
745,0,4,5,7,10,13,17,14,15,14,15,18,14,15,20,19,16
746,0,1,1,18,17,4,5,18,6,7,10,18,13,14,15,14,14,15,19,20,16
747,0,1,1,17,1,4,18,6,7,8,9,10,13,15,14,15,20,19,16
748,0,1,18,1,4,6,7,10,17,9,13,14,20,16
749,0,1,1,4,5,18,7,8,9,10,13,14,15,14,15,20,18,19,16
750,1,1,1,17,4,5,6,7,18,8,9,10,14,15,19,20,16
751,0,1,4,5,6,7,8,10,9,13,14,15,18,14,15,14,15,17,20,19,16
752,0,18,1,1,1,5,6,17,8,9,10,13,14,14,15,14,15,20,18,19,18
753,0,1,18,1,5,17,6,7,8,10,13,14,15,14,15,20,19,16
754,0,18,1,1,4,5,6,7,10,8,9,14,17,15,14,15,14,15,20,19,16
755,0,1,1,18,1,4,5,8,9,10,13,17,14,15,15,20,19,16
756,0,1,4,5,6,7,8,9,10,13,14,18,17,15,20,16
757,0,4,5,6,7,9,18,13,14,15,14,17,15,20,19,16
758,0,18,1,5,18,6,7,8,10,9,13,14,15,17,19,20,16
759,0,1,1,4,5,6,7,8,9,10,13,14,15,14,18,15,14,15,19,20,17,16
760,0,1,1,6,7,17,18,10,18,8,9,13,14,15,14,15,20,16
761,0,1,1,4,5,7,18,10,18,13,14,18,15,14,15,14,15,17,20,19,16
762,0,17,1,1,4,5,6,7,8,10,9,13,14,19,18,20,16
763,0,1,18,1,4,5,17,6,18,7,18,10,8,9,13,14,15,14,15,20,19,16
764,0,18,17,1,1,18,1,4,5,6,7,8,10,13,14,15,14,15,18,20,19,16
765,0,1,1,4,5,6,17,7,9,13,14,15,14,15,18,14,15,19,20,16
766,0,1,1,1,4,5,6,7,10,17,13,18,15,14,19,20,16
767,0,1,1,4,5,17,6,7,8,9,10,13,14,15,18,14,15,19,18,20,16
768,0,1,1,4,5,6,7,8,9,11,12,13,14,15,14,18,15,19,20,16
769,0,1,1,1,4,6,7,10,8,17,9,11,12,18,13,14,14,15,18,19,20,16
770,18,1,4,5,6,7,8,9,10,17,11,13,14,15,14,15,18,14,15,20,19,18,16
771,0,17,1,1,1,4,5,6,7,18,10,8,9,11,12,13,14,18,14,15,14,20,19,16
772,0,1,1,1,4,5,6,7,8,10,9,11,12,13,14,15,14,15,17,18,19,16
773,0,18,1,4,5,18,7,8,10,11,12,13,14,17,15,20,16
774,18,17,1,1,4,5,6,7,10,8,9,11,12,18,14,15,20,19,16
775,0,1,1,4,18,18,5,6,8,10,9,11,12,13,17,15,14,15,19,20,16
776,0,1,17,1,4,18,6,7,8,9,10,11,13,18,14,18,15,19,20,16
777,0,18,1,1,4,5,6,7,10,9,11,12,13,14,15,14,15,20,17,19,18,16
778,0,18,1,4,5,6,7,8,9,10,11,12,14,15,14,17,15,14,15,20,19,16
779,0,1,18,1,1,4,5,6,18,7,10,18,8,9,11,12,13,14,15,14,17,15,20,19,16
780,0,18,1,4,18,17,6,7,8,9,11,13,14,15,14,15,20,19,16
781,4,5,18,6,7,8,10,11,13,14,15,20,19,17,16
782,0,1,1,1,18,18,5,6,7,8,9,17,10,11,12,13,14,15,14,15,19,20,16
783,0,1,1,1,18,4,5,6,17,7,10,8,9,11,12,13,14,15,19,20,16
784,0,1,4,5,6,7,10,8,9,11,18,12,13,14,15,14,18,15,17,19,20,16
785,0,1,4,5,6,7,8,9,11,17,18,12,13,14,15,20
786,0,17,1,4,6,7,8,9,10,11,12,13,18,14,15,19,20
787,1,4,5,7,18,8,9,11,12,13,14,15,17,20,19,16
788,0,1,1,1,18,4,5,6,7,8,10,9,11,12,13,14,15,18,17,15,20
789,0,1,1,1,4,18,5,6,7,8,10,17,9,18,11,13,14,15,14,15,20,16
790,0,1,4,5,6,7,18,8,10,11,12,13,14,15,14,15,18,15,19,20,17,16
791,0,1,1,4,5,6,7,8,9,17,18,10,11,18,12,13,14,14,14,15,19,20,16
792,0,17,1,1,4,5,6,18,7,8,10,9,11,12,13,14,15,18,20,19,16
793,0,1,1,1,4,5,6,7,18,8,9,10,11,12,14,15,17,20,19,16
794,0,4,5,6,7,9,10,11,12,13,18,14,15,20,19,18,17,16
795,0,1,4,17,5,6,18,7,10,18,8,9,11,12,14,18,15,14,15,20,19,16
796,0,1,1,17,4,5,6,10,18,8,9,11,12,13,18,14,15,19,20,16
797,0,17,1,4,5,6,8,10,9,11,12,13,15,14,15,18,14,15,20,19,16
798,0,1,4,6,7,8,9,10,11,12,13,14,17,18,15,14,15,20,19,16
799,0,1,1,4,5,6,8,18,10,9,11,12,13,18,14,15,17,19,20,16
800,1,1,2,3,7,17,18,10,8,9,18,13,15,16
801,0,1,2,18,3,17,7,8,9,13,14,15,16
802,0,1,17,1,2,3,7,8,10,9,18,18,13,14,14,15,14,15,16
803,0,17,1,1,3,7,8,9,10,13,14,15,16
804,0,1,18,17,1,1,2,3,7,8,10,9,13,14,15,15,14,15,16
805,0,1,18,17,2,3,7,10,18,8,9,13,14,15,14,15,16
806,0,1,1,1,2,3,7,17,18,8,18,18,9,13,14,15,16
807,0,18,1,1,2,3,7,17,8,9,18,13,14,15,16
808,1,17,1,1,2,18,3,7,18,9,10,18,14,15,16
809,0,1,1,1,2,17,3,18,7,10,8,13,14,15,14,18,15,14,15,18,16
810,0,1,17,18,3,7,8,10,9,13,18,15,16
811,0,1,1,1,2,3,7,10,8,9,13,18,15,15,14,18,17,15
812,0,1,2,3,7,8,9,13,14,15,14,18,15,14,15,17,16
813,0,1,1,18,3,7,8,10,9,13,18,14,15,17,16
814,0,1,1,1,2,3,17,7,18,10,18,9,13,14,18,15,16
815,0,1,17,2,3,7,8,10,18,9,13,18,18,14,15,16
816,0,18,18,1,17,1,2,7,8,10,9,13,14,15,14,15,16
817,0,1,2,3,10,9,13,14,18,18,15,14,15,14,15,18,17,16
818,0,1,2,18,3,7,8,10,9,17,13,14,15,16
819,0,1,18,2,7,8,9,10,13,14,17,15,16
820,0,17,2,3,7,8,10,9,13,14,14,15,14,15,16
821,0,1,1,2,3,7,8,17,9,13,14,15,14,15,16
822,0,1,18,18,2,3,18,17,7,8,10,14,15,16
823,0,1,1,1,18,3,17,8,10,9,13,14,15,16
824,0,1,2,3,18,8,9,18,18,10,13,14,15,14,15
825,0,18,1,1,2,3,17,7,8,10,9,13,15,16
826,0,1,2,3,7,17,18,8,9,10,18,13,18,14,15,14,15,14,16
827,0,1,1,1,2,3,10,8,9,17,13,14,15,18,14,15,16
828,0,1,17,1,1,2,3,7,9,10,13,15,14,15,14,18,18,18,15,16
829,0,1,1,17,1,2,18,18,3,7,10,8,9,13,14,18,15,16
830,0,1,2,7,8,10,17,9,13,18,14,15,16
831,1,2,3,7,8,10,9,13,14,15,14,15,14,17,15,16
832,0,18,1,1,2,3,17,7,10,9,13,14,15,14,18,15,14,15,16
833,0,18,18,1,1,2,3,7,9,10,13,14,17,18,16
834,0,1,1,1,2,3,7,10,8,9,13,14,15,16
835,0,18,18,18,1,2,3,7,10,8,9,13,14,15,16
836,0,1,2,3,7,10,8,13,17,18,18,15,14,15,16
837,0,18,17,1,1,3,18,7,8,9,13,14,15,16
838,0,1,1,1,2,17,3,7,8,18,10,9,13,14,15,15
839,0,1,1,1,2,3,7,10,8,9,13,14,15,14,15,18,17,14,18,18,15,16
840,0,18,1,2,3,7,8,10,9,13,14,17,15
841,0,17,1,18,3,7,18,8,10,9,13,14,18,15,14,15,16
842,0,1,1,2,3,7,10,8,9,14,15,14,18,15,14,15,16
843,0,18,17,1,3,7,9,10,13,14,14,18,15,14,15,16
844,0,1,2,3,7,18,8,9,10,13,14,15,14,15,14,17,15,16
845,0,1,1,17,1,2,18,7,8,9,10,13,14,15,14,15,16
846,0,17,1,2,18,3,18,7,8,10,9,13,15,16
847,0,1,1,1,2,3,18,7,8,10,18,13,14,15,14,15,14,16
848,0,1,17,2,3,7,8,10,9,18,13,18,14,15,16
849,0,1,2,3,17,7,18,8,9,10,18,13,15,14,15,15,18,16
850,0,1,1,3,9,10,13,14,15,18,15,14,15,17,16
851,0,17,1,2,3,7,8,10,13,14,15,18,14,15,14,16
852,0,1,1,2,17,3,7,8,10,9,13,18,14,15,18,14,15,18,16
853,18,18,17,1,2,3,7,9,10,13,18,14,15,14,15,14,15,16
854,0,1,1,2,3,7,9,10,18,17,14,15,14,15,16
855,0,1,1,2,3,18,17,7,10,9,13,14,14,18,15,16
856,0,1,1,18,2,3,7,8,18,9,10,13,14,15,14,15,14,15,17
857,0,1,1,1,17,2,3,7,18,8,9,10,13,14,15,14,15,14,15,16
858,0,1,17,1,2,3,18,7,8,10,9,13,14,15,18,15,16
859,0,18,1,1,1,18,3,17,7,8,9,10,13,14,15,14,15,14,15,16
860,0,1,1,1,2,18,3,18,7,8,18,17,9,14,15,16
861,17,1,18,1,1,2,3,7,8,9,10,13,14,15
862,0,1,1,2,3,7,8,18,9,18,10,13,17,14,15,16
863,1,2,3,7,8,10,18,18,17,9,13,15,14,15,16
864,0,1,1,18,2,3,7,17,18,8,9,13,14,15,16
865,0,1,1,2,3,7,9,10,13,17,14,18,15,16
866,0,1,1,2,3,18,7,8,9,10,17,13,14,15,14,15,18,14,15,16
867,0,1,1,1,18,2,3,7,8,9,13,15,16
868,0,1,1,1,2,7,8,10,9,13,14,18,14,18,15,14,15,16
869,18,1,17,18,2,3,7,8,10,18,9,13,14,15,14,15,16
870,0,18,17,2,3,7,10,8,18,9,13,14,15,16
871,0,1,1,1,2,3,7,8,17,9,10,13,14,18,14,15,14,15,16
872,0,18,1,1,3,7,8,10,9,18,13,14,15,14,15,14,15
873,0,1,1,18,18,17,7,10,8,9,13,14,18,15,14,16
874,0,1,17,18,2,3,7,18,8,9,10,13,14,15,14,15,14,15,16
875,0,18,17,1,1,2,3,7,18,10,8,9,13,14,15,15,14,15,16
876,0,1,18,18,17,2,3,7,10,8,9,13,14,15,14,15,16
877,0,1,1,2,3,7,18,8,9,17,10,18,13,14,15,16
878,0,1,1,2,3,7,18,10,8,9,17,13,14,18,15,16
879,0,18,17,1,1,2,7,8,10,9,13,14,18,15,14,15,16
880,0,17,1,1,2,7,10,9,13,14,15,18,18,15,14,15,18,16
881,0,1,1,17,2,3,7,10,18,8,13,14,15,14,15,16
882,0,17,18,2,7,8,10,9,13,14,15,16
883,0,18,1,2,3,7,8,10,17,9,18,13,14,15,14,15,16
884,0,18,1,1,17,1,2,3,7,8,18,9,10,13,15,15,14,15,16
885,0,1,2,3,7,10,8,9,13,14,15,17,18,16
886,0,18,1,3,7,17,10,8,18,18,9,13,14,15,16
887,0,1,1,2,3,7,8,10,9,13,18,14,15,18,14,17,15,16
888,1,2,7,8,17,10,9,14,15,14,15,16
889,0,1,2,17,3,7,10,9,13,14,15,18,18,14,15,16
890,0,1,1,3,7,10,8,18,13,14,17,18,15,14,15,14,15,16
891,0,1,18,2,3,7,18,10,8,9,13,14,17,15,16
892,0,1,1,1,2,3,7,8,9,13,14,15,14,15,18,18,16
893,0,17,1,1,1,2,3,7,8,9,18,13,14,15,16
894,0,1,2,3,7,18,8,9,10,13,14,17,15,16
895,0,1,1,1,2,17,7,9,10,18,14,15,18,16
896,0,17,18,1,1,2,7,8,10,9,15,18,14,15,14,15,16
897,1,1,2,3,7,8,10,9,17,18,13,18,14,15,16
898,0,1,18,1,18,3,7,8,10,13,14,14,15,16
899,0,18,1,2,18,3,7,8,10,17,9,13,14,16
900,0,1,1,2,3,7,8,18,9,10,18,17,13,14,14,15,14,15,16
901,0,1,1,2,3,7,10,9,13,14,15,14,18,15,16
902,0,1,1,18,1,2,3,8,18,17,9,10,13,14,15,14,15,14,15,16
903,0,1,1,1,18,2,18,7,10,8,17,9,14,18,15,14,15,16
904,1,2,17,3,7,8,10,9,13,14,18,18,15,16
905,0,1,1,17,1,2,3,7,8,18,9,10,13,14,15,14,15,16
906,0,2,18,3,7,8,9,10,13,17,14,15,18,14,15,16
907,0,1,1,1,18,2,3,8,9,13,17,15,15,18,14,18,15,16
908,0,1,1,7,18,8,9,10,18,13,14,17,18,15,14,15,16
909,0,1,2,3,17,7,8,9,18,13,14,18,15
910,0,1,1,18,1,2,3,7,8,10,17,9,13,14,15,14,15,18,14,15,16
911,0,1,3,7,8,10,13,17,14,15,18,18,16
912,18,1,3,7,10,9,18,13,14,17,18,15,14,15,16
913,0,1,18,2,3,7,8,10,18,9,13,14,14,17,15,16
914,0,1,18,2,3,7,8,10,13,14,15,14,15,17,14,15,16
915,0,1,1,1,2,3,18,7,8,10,9,14,17,18,16
916,1,17,2,3,7,10,8,9,18,13,14,15,16
917,0,18,1,1,1,2,3,17,7,8,9,10,14,15,14,15,14,15,16
918,0,1,17,2,3,7,8,9,13,15,18,14,15,18,16
919,0,1,2,3,7,8,10,9,17,13,14,15,14,15,18,15,16
920,0,18,1,2,3,17,7,10,8,9,13,14,15,16
921,0,1,18,1,1,2,3,7,10,17,8,13,14,18,15,14,16
922,0,18,1,2,18,7,10,8,9,13,14,15,14,15,14,15,16
923,0,18,1,2,3,18,7,8,9,17,10,18,13,14,15,16
924,0,1,1,18,2,3,17,7,10,9,13,14,15,16
925,0,1,1,2,3,18,10,8,9,18,13,14,15,17,16
926,1,3,7,18,8,17,18,9,13,14,14,15,14,15,16
927,0,18,1,17,1,2,3,7,8,9,10,13,14,15,16
928,0,1,2,3,7,8,11,12,13,14,15,14,15,18,17,16
929,0,18,1,1,2,3,7,8,18,9,10,12,13,14,15,14,15,14,15,16
930,0,1,1,18,1,2,18,3,17,7,8,10,18,11,12,13,14,15,16
931,0,18,1,2,3,7,8,18,9,10,11,12,13,18,14,15,16
932,0,1,2,3,7,8,9,11,12,13,14,18,15,17,14,15,16
933,0,1,1,1,2,3,7,8,10,17,11,18,12,13,14,15,14,15,16
934,0,1,1,2,3,7,10,8,9,11,18,12,14,14,17,15,16
935,0,18,2,3,7,8,18,10,9,11,18,12,13,14,15,14,15,14,17,15,16
936,0,1,1,1,18,2,3,7,8,10,11,12,13,17,14,15,15,16
937,0,1,2,18,7,8,9,10,11,12,13,14,15,17,18,14,15,14,15
938,0,17,1,1,7,10,8,9,11,12,13,18,14,15,14,15,14,15,16
939,0,18,18,1,1,1,3,7,8,9,11,12,13,14,15
940,0,18,1,2,3,7,10,8,9,11,12,17,13,14,18,15,16
941,0,1,17,2,3,7,18,10,8,9,12,13,14,15
942,0,1,17,2,3,18,7,18,10,18,8,9,12,13,14,15,14,15,16
943,0,1,2,3,7,8,9,10,11,12,18,13,14,15,17,14,15,14,15
944,0,1,1,2,3,7,8,18,10,11,18,12,17,13,14,14,15,16
945,0,17,1,18,1,2,3,7,10,9,11,12,13,14,15,15,16
946,0,17,1,1,3,18,8,10,9,11,18,12,15,18,16
947,0,1,1,2,7,18,10,8,9,18,11,12,17,13,14,15,14,15,16
948,0,1,1,3,7,8,10,17,12,13,18,14,15,14,15,15,16
949,0,1,2,3,7,8,9,18,11,12,13,17,14,15,14,15,16
950,0,18,1,1,2,3,7,10,9,17,11,12,13,14,15,18,14,15,14,18,15,16
951,0,18,17,1,2,3,7,8,10,9,11,13,14,15,14,15,14,15,18,16
952,1,1,17,18,2,3,18,8,9,11,12,13,15,14,15,16
953,0,1,18,2,3,7,8,9,10,11,12,17,14,15,16
954,0,17,1,1,18,18,3,7,8,10,9,11,12,13,14,15,15,16
955,0,1,1,3,7,8,18,9,10,11,12,13,14,15,18,15,17,16
956,0,1,1,18,2,3,8,10,9,11,17,12,13,15,14,15,16
957,0,1,2,3,7,10,8,9,11,12,13,18,14,15,14,15,14,15,16
958,0,1,18,18,2,3,7,10,8,9,11,12,13,14,15,14,15,17,16
959,0,18,1,1,2,3,7,10,17,8,9,11,12,13,14,15,16
960,0,1,1,4,5,6,7,8,18,9,10,13,14,15,14,17,15,14,15,16
961,0,17,1,4,5,7,18,10,13,14,15,16
962,0,1,1,17,18,4,6,7,9,10,13,14,15,14,15,16
963,0,1,17,1,4,5,6,7,8,9,10,13,18,14,15,16
964,0,18,1,4,17,6,18,7,8,9,10,13,14,15,16
965,0,1,17,1,1,4,5,6,7,10,8,9,13,18,14,15,15,16
966,0,1,4,17,5,18,6,7,8,10,9,13,15,14,15,14,15,16
967,0,1,1,5,7,10,17,8,18,9,14,15,14,15,16
968,0,1,17,4,5,18,7,18,8,10,13,18,14,15,15,16
969,0,1,1,1,4,17,5,6,7,8,9,13,14,18,14,15,14,15,18
970,0,1,4,5,6,17,7,18,10,8,18,9,18,13,15,16
971,0,1,4,5,6,7,8,10,9,13,14,15,17,14,15,14,15,18,16
972,0,18,1,18,1,4,5,17,6,7,9,13,14,15,14,15
973,0,1,1,18,5,18,7,8,10,9,13,14,15,17,14,15,16
974,0,4,18,5,6,7,8,17,9,18,10,13,14,16
975,0,18,1,1,4,6,7,10,9,13,14,15,18,14,15,17,16
976,0,1,1,4,5,6,10,18,17,9,13,14,15,14,15,14,15,16
977,0,1,18,4,5,17,18,6,7,10,8,9,18,13,14,15,14,15,16
978,0,1,4,6,17,18,10,13,15,14,15,14,18,15,16
979,0,1,4,5,18,6,7,18,8,17,10,13,14,15,14,15,18,14,15,16
980,0,18,1,1,1,17,4,5,6,18,7,10,8,9,13,14,15,14,15
981,0,18,18,4,5,6,7,10,8,9,13,14,17,15,14,15,14,15,16
982,0,1,1,4,5,6,18,7,8,17,13,14,15,14,15,14,15,16
983,0,1,4,5,17,6,18,7,8,10,18,9,13,14,15,14,15,14,15,16
984,0,18,17,1,1,1,4,5,6,7,8,9,10,13,14,15,14,18,15,16
985,0,1,1,17,1,4,6,7,8,10,9,13,18,14,15,14,15,18,18,14,15,16
986,0,1,18,1,4,18,5,6,8,17,18,13,14,15,16
987,0,18,1,1,1,5,6,18,7,8,9,17,18,10,13,14,15,16
988,0,1,1,1,5,6,7,8,10,13,14,15,14,18,15,17
989,0,1,18,1,4,5,18,6,17,7,10,13,14,15,14,15,16
990,1,18,6,7,8,9,10,13,14,15,18,14,17,15,16
991,0,18,18,18,4,5,6,7,8,10,17,9,13,14,15,14,15,16
992,0,1,18,4,17,6,7,18,10,9,11,12,13,14,15,16
993,0,1,4,5,6,8,10,18,9,11,12,18,18,13,15,14,15,17,14,15,16
994,0,1,4,5,6,7,18,9,10,11,12,17,13,18,14,15,14,15,16
995,0,1,1,4,5,6,7,17,8,9,18,18,10,11,12,13,15
996,0,18,1,1,18,4,5,6,7,8,9,11,12,18,13,17,14,15,14,15,16
997,0,1,1,4,5,6,7,18,8,10,9,11,12,18,18,17,13,14,14,15,14,15,16
998,0,1,4,6,7,8,9,10,18,18,11,12,17,13,14,15,14,15,16
999,0,1,4,18,5,6,7,8,17,9,10,11,12,13,14,15,14,15,14,15,16
