0,0,1,1,2,3,7,8,17,9,10,13,18,14,15,20,19,16
1,0,18,1,1,1,2,3,17,7,8,10,9,13,14,18,18,15,20,19,16
2,0,1,2,18,3,7,18,8,9,10,13,17,14,15,14,15,19,20,16
3,0,1,1,18,17,1,2,3,7,8,10,9,13,14,15,18,14,15,19,20,16
4,0,1,18,1,2,3,7,8,9,18,10,13,17,14,15,18,14,15,14,15,19,20,16
5,0,1,2,17,18,3,7,10,8,9,13,14,15,14,15,19,20,16
6,0,1,1,1,18,2,17,3,7,10,8,9,13,14,18,15,19,20,16
7,0,1,2,3,7,8,9,10,18,18,13,14,15,14,15,14,15,20,17,19,16
8,0,1,2,3,7,8,18,17,9,10,13,14,15,14,15,20,18,19,16
9,0,1,1,2,3,17,7,10,8,9,13,14,15,14,15,18,14,15,20,19,16
10,0,1,18,17,1,1,2,3,18,7,8,10,9,13,14,15,14,15,14,15,18,19,20,16
11,0,17,1,2,3,7,18,8,10,9,13,14,15,14,15,18,20,19,16
12,0,1,1,2,3,18,7,8,9,18,10,17,13,14,15,14,15,20,19,16
13,0,18,1,17,1,1,2,3,7,10,8,9,13,18,14,15,14,15,14,15,19,20,16
14,0,18,1,1,2,3,7,10,8,18,9,13,14,15,14,18,15,14,17,15,20,19,16
15,0,1,1,1,2,17,3,7,8,9,10,13,14,15,19,20,18,18,16
16,0,18,1,18,2,3,7,10,18,8,9,13,14,17,15,14,15,19,20,16
17,0,1,18,2,3,7,8,10,9,18,17,13,14,15,20,19,16
18,0,1,1,2,3,18,7,8,9,10,13,14,15,18,14,15,17,19,20,16
19,0,1,2,3,7,8,18,10,18,18,9,13,14,17,15,19,20,16
20,0,1,1,2,3,7,8,9,18,17,10,13,14,15,18,14,15,14,15,20,19,16
21,0,1,2,3,7,8,17,10,9,13,14,15,20,18,19,16
22,0,1,1,1,18,2,3,7,10,8,9,17,13,14,15,18,14,15,20,19,16
23,0,1,2,3,7,17,8,9,10,13,14,15,14,15,18,19,20,16
24,0,17,1,1,1,2,3,7,8,9,18,10,13,14,15,14,15,19,20,16
25,0,1,1,2,3,7,8,10,9,18,18,13,17,14,15,20,19,16
26,0,1,1,2,17,3,7,10,8,18,9,13,14,15,19,20,16
27,0,1,17,1,2,3,7,18,8,9,10,13,14,15,14,15,14,15,20,18,18,19,16
28,0,18,1,17,2,3,7,10,8,9,13,14,15,19,20,18,16
29,0,17,1,1,1,2,3,7,8,9,10,18,13,14,15,18,18,14,15,14,15,20,19,16
30,0,1,2,18,18,3,18,7,8,9,10,13,14,15,14,15,17,20,19,16
31,0,1,1,2,3,18,7,8,10,9,17,13,14,15,14,15,19,20,16
32,0,1,18,1,17,1,2,18,3,7,8,10,9,13,14,15,20,19,16
33,0,17,1,18,2,3,7,10,8,9,13,14,15,19,20,16
34,0,1,2,3,17,18,7,10,8,9,13,14,15,14,15,14,15,20,19,16
35,0,1,1,1,2,3,7,10,8,9,13,14,15,14,18,15,17,19,20,16
36,0,1,17,1,2,3,7,8,10,9,13,14,15,18,14,18,15,20,18,19,16
37,0,1,17,2,3,7,8,10,9,13,14,15,14,15,18,20,19,16
38,0,1,1,1,2,3,7,10,18,8,9,17,13,14,15,20,19,16
39,0,1,2,17,3,18,7,8,9,10,13,14,15,20,19,16
40,0,17,1,1,1,2,3,7,8,18,9,10,13,14,15,14,15,20,19,16
41,0,17,1,1,1,2,3,18,7,10,8,9,13,14,15,14,15,20,19,16
42,0,1,2,3,18,7,10,8,9,18,13,14,18,15,14,15,19,17,20,16
43,0,18,18,1,1,2,3,7,17,8,9,10,13,14,15,18,14,15,19,20,16
44,0,1,1,18,1,17,2,3,7,8,9,10,13,14,15,14,15,20,19,16
45,0,1,18,1,2,18,18,3,7,10,8,9,13,14,17,15,14,15,19,20,16
46,0,1,1,1,17,2,3,7,10,8,9,13,14,15,14,15,18,14,15,20,19,16
47,0,1,18,1,1,2,3,7,10,8,9,13,14,15,19,20,18,17,16
48,0,1,1,2,3,7,8,10,9,18,17,13,14,18,15,19,20,16
49,0,17,1,1,2,18,3,7,18,8,10,9,13,14,15,14,15,14,15,18,19,20,16
50,0,18,1,1,1,18,2,3,7,8,10,9,13,17,14,15,14,15,19,20,16
51,0,1,1,17,2,18,3,7,8,10,9,13,14,15,20,18,19,16
52,0,1,1,2,3,7,18,18,10,8,9,13,14,15,17,14,15,14,15,18,20,19,16
53,0,17,1,2,3,7,8,18,10,18,9,13,14,15,19,20,16
54,0,1,2,3,17,7,8,10,9,13,14,15,20,18,19,16
55,0,1,1,1,2,17,3,7,8,10,18,9,13,14,15,20,19,16
56,0,1,2,18,3,17,7,8,10,18,18,9,13,14,15,20,19,16
57,0,17,1,18,1,1,2,3,7,10,8,18,9,13,18,14,15,14,15,14,15,19,20,16
58,0,1,1,1,2,3,7,8,9,10,13,14,15,18,17,18,14,15,20,19,16
59,0,1,1,2,3,7,18,10,8,9,17,13,14,15,14,15,20,19,16
60,0,1,1,1,2,3,18,7,18,17,10,8,9,13,18,14,15,14,15,14,15,19,20,16
61,0,1,2,3,7,8,10,9,13,14,15,17,14,15,14,15,20,19,18,16
62,0,1,1,2,17,18,3,7,10,8,18,9,13,14,15,14,15,19,20,18,16
63,0,1,1,1,2,3,7,18,18,8,18,17,9,10,13,14,15,20,19,16
64,0,18,18,18,17,1,2,3,7,8,10,9,13,14,15,14,15,19,20,16
65,0,1,2,3,7,8,9,10,13,17,18,14,15,14,18,15,19,20,16
66,0,17,1,1,18,1,2,18,3,7,8,9,10,13,14,15,19,18,20,16
67,0,1,1,18,17,2,18,3,7,10,8,18,9,13,14,15,14,15,20,19,16
68,0,1,1,2,3,7,8,9,17,10,13,14,15,14,15,14,18,15,19,18,20,16
69,0,18,1,18,1,1,17,2,3,7,10,8,9,13,14,15,20,19,16
70,0,1,1,2,3,17,7,8,10,9,13,14,15,20,18,19,16
71,0,1,2,3,7,18,10,8,9,13,17,18,14,15,14,15,19,20,16
72,0,1,1,1,2,3,7,8,10,9,18,13,14,15,14,15,20,19,17,16
73,0,18,18,1,1,2,3,7,8,10,9,13,17,14,15,14,18,15,19,20,16
74,0,18,1,1,2,3,7,10,8,9,13,14,15,14,15,14,15,20,19,17,16
75,0,1,1,2,3,18,7,8,9,10,13,14,15,19,20,17,16
76,0,1,18,2,18,17,3,7,8,9,10,13,18,14,15,14,15,20,19,16
77,0,1,1,2,3,7,18,10,8,9,13,14,17,15,14,15,14,15,19,20,16
78,0,1,1,1,2,3,7,8,17,10,9,13,14,15,14,15,14,15,20,18,19,16
79,0,1,2,3,7,18,8,10,17,9,13,14,18,15,14,15,14,15,19,18,20,16
80,0,1,2,3,7,10,8,9,13,14,15,18,14,17,15,20,19,16
81,0,18,1,1,1,2,3,7,8,9,10,18,13,17,14,15,20,18,19,16
82,0,1,2,3,18,7,17,18,8,9,10,13,14,15,14,15,20,19,16
83,0,1,2,3,7,8,10,9,13,14,15,19,20,18,18,17,16
84,0,1,1,1,2,3,18,7,8,10,9,13,14,17,15,14,15,14,15,20,19,16
85,0,18,17,1,18,1,1,2,3,18,7,10,8,9,13,14,15,20,19,16
86,0,1,1,1,2,3,7,8,9,10,13,14,15,14,15,17,18,20,19,16
87,0,1,18,2,3,7,10,8,9,13,14,15,19,17,20,16
88,0,1,2,18,3,7,18,10,18,8,9,17,13,14,15,19,20,16
89,0,18,1,2,17,3,7,8,9,10,13,14,15,14,15,20,18,19,16
90,0,1,2,3,18,7,8,9,10,18,17,13,14,15,14,15,14,15,19,20,16
91,0,18,1,2,3,7,8,10,9,13,14,15,19,20,17,16
92,0,1,1,2,3,7,8,9,10,18,13,18,17,18,14,15,14,15,14,15,19,20,16
93,0,1,1,1,2,3,7,17,10,8,9,18,13,14,18,18,15,14,15,19,20,16
94,0,1,17,2,3,18,18,7,8,10,9,13,14,15,14,15,19,20,16
95,0,1,1,1,2,3,7,17,18,10,8,9,13,14,15,14,15,19,20,16
96,0,1,2,3,7,8,9,18,10,13,14,15,17,14,15,14,18,15,20,19,16
97,0,17,18,1,18,1,2,3,7,10,8,9,13,14,15,14,18,15,14,15,19,20,16
98,0,18,1,2,18,3,7,10,8,9,13,14,15,17,19,18,20,16
99,0,1,1,18,17,1,2,3,7,8,10,18,9,13,14,15,19,20,16
100,0,1,2,3,7,10,8,9,18,13,14,17,15,19,20,18,16
101,0,1,1,2,3,7,18,8,9,10,13,14,15,17,19,20,16
102,0,1,2,3,7,10,8,9,18,18,13,14,15,14,15,17,20,19,16
103,0,17,1,1,1,2,3,7,18,18,10,8,9,13,14,15,14,15,14,15,19,20,16
104,0,1,18,2,3,7,10,8,9,13,18,14,15,17,14,15,14,15,20,19,16
105,0,17,1,1,1,2,3,7,10,8,9,13,14,15,14,15,18,14,15,19,20,16
106,0,1,2,3,18,7,8,10,9,13,14,15,14,15,17,20,19,16
107,0,1,2,3,7,8,9,18,17,10,13,18,14,15,14,18,15,19,20,16
108,0,17,1,1,18,1,2,3,7,8,10,9,13,14,15,18,19,20,16
109,0,1,2,18,3,7,8,9,10,13,14,15,14,15,17,20,19,16
110,0,1,1,1,17,2,3,7,10,8,9,13,14,18,15,20,19,16
111,0,1,18,1,2,18,3,7,8,9,10,13,14,15,14,15,14,15,19,18,17,20,16
112,0,1,17,1,1,2,3,7,18,10,8,9,18,13,14,15,14,15,14,15,19,20,16
113,0,18,1,2,3,7,8,10,17,9,13,14,15,14,15,18,19,20,16
114,0,17,1,2,3,18,7,8,9,10,13,14,15,19,20,16
115,0,1,2,3,18,7,18,8,10,9,13,14,15,14,15,20,18,17,19,16
116,0,1,2,18,3,7,18,10,8,17,9,13,14,15,14,15,14,15,19,20,16
117,0,1,18,1,2,3,7,17,8,9,10,13,18,18,14,15,19,20,16
118,0,1,17,2,3,7,18,8,10,9,13,14,15,14,15,14,15,20,19,16
119,0,17,1,1,2,3,7,8,9,10,13,18,18,18,14,15,14,15,19,20,16
120,0,18,1,1,2,3,7,10,17,8,9,18,13,14,15,14,15,18,20,19,16
121,0,1,1,1,2,18,18,3,7,10,18,8,9,13,14,17,15,19,20,16
122,0,1,1,1,2,3,7,10,18,17,8,9,13,18,14,15,20,19,16
123,0,18,1,1,2,3,7,17,8,10,18,9,13,14,15,14,15,19,20,16
124,0,1,1,1,2,3,18,18,7,8,10,18,9,13,14,15,19,17,20,16
125,0,1,1,2,3,7,8,18,9,17,10,13,14,15,14,15,20,18,19,16
126,0,1,18,1,2,17,3,18,7,10,8,9,13,14,15,14,18,15,20,19,16
127,0,1,17,1,2,18,18,3,7,10,18,8,9,13,14,15,20,19,16
128,0,1,1,1,2,17,3,7,18,8,9,18,10,13,14,15,20,19,16
129,0,18,17,1,2,3,7,10,18,8,9,13,14,15,14,15,14,15,19,18,20,16
130,0,1,1,2,3,7,10,8,9,13,14,15,14,15,18,14,15,20,19,17,16
131,0,1,2,3,7,8,10,9,13,14,15,18,14,15,20,19,17,16
132,0,1,1,1,2,3,7,8,9,10,18,13,14,18,15,14,15,17,19,20,16
133,0,1,1,1,17,2,3,18,18,7,10,8,9,13,14,15,14,15,14,15,20,19,16
134,0,1,1,1,2,3,17,18,7,8,10,9,13,14,15,14,15,20,19,16
135,0,18,1,2,3,7,8,18,10,9,13,14,15,18,14,15,19,17,20,16
136,0,17,18,18,1,1,1,2,3,7,8,10,18,9,13,14,15,19,20,16
137,0,1,17,18,2,3,7,10,8,9,13,14,15,19,20,16
138,0,1,2,3,7,18,10,8,9,13,14,15,17,14,15,14,15,19,20,16
139,0,1,2,3,7,8,9,10,13,18,17,14,15,19,20,16
140,0,17,1,1,2,3,7,10,8,18,9,13,14,15,14,15,14,15,18,19,20,16
141,0,1,1,1,2,3,7,8,17,10,18,9,13,14,18,15,14,15,19,20,16
142,0,18,18,17,1,1,18,2,3,7,8,10,9,13,14,15,20,19,16
143,0,1,2,18,3,7,8,10,9,13,14,18,17,15,19,20,16
144,0,18,1,1,2,3,7,10,8,9,13,18,14,15,14,17,15,20,19,16
145,0,18,1,1,1,2,3,18,7,8,10,9,13,17,14,15,14,15,20,19,16
146,0,18,1,1,2,3,7,10,8,9,13,14,15,19,20,18,17,16
147,0,1,2,3,7,10,8,9,13,17,14,18,15,14,15,20,18,19,16
148,0,1,1,2,3,7,10,8,9,13,14,18,15,17,14,15,18,14,15,19,20,16
149,0,1,2,18,17,18,3,7,8,9,10,18,13,14,15,14,15,20,19,16
150,0,1,1,1,2,3,7,8,9,10,13,14,15,14,15,18,18,14,17,15,19,20,16
151,0,17,1,18,2,3,7,8,10,9,13,14,15,14,15,20,18,19,16
152,0,1,17,1,18,18,1,2,3,7,8,10,18,9,13,14,15,19,20,16
153,0,1,1,1,2,17,3,7,8,10,9,13,14,18,15,18,14,15,20,19,16
154,0,1,1,2,3,17,7,10,8,9,13,14,15,14,18,15,14,15,19,20,16
155,0,1,18,2,3,7,18,10,8,9,17,18,13,14,15,14,15,19,20,16
156,0,1,2,3,17,7,10,8,9,18,13,14,18,15,20,19,16
157,0,18,1,1,1,2,3,7,10,8,9,18,18,13,14,17,15,20,19,16
158,0,18,1,1,2,3,7,18,10,8,9,13,14,18,15,17,14,15,19,20,16
159,0,1,1,1,2,3,7,8,18,9,10,13,14,15,14,18,15,18,17,20,19,16
160,0,1,1,2,3,7,17,10,8,9,13,14,15,14,18,15,19,20,16
161,0,1,2,3,18,7,8,9,10,18,13,14,15,20,17,19,16
162,0,1,1,1,2,18,3,7,10,8,9,13,17,14,15,14,15,14,18,15,20,19,16
163,0,17,1,2,18,18,3,7,18,8,10,9,13,14,15,14,15,20,19,16
164,0,18,1,1,1,2,3,7,10,18,8,9,13,14,17,18,15,20,19,16
165,0,1,1,1,2,3,18,7,18,10,8,9,13,14,15,17,14,15,19,20,16
166,0,1,1,1,2,3,7,8,10,9,13,17,14,15,19,20,18,16
167,0,1,18,1,1,2,3,7,8,10,9,13,14,15,14,15,14,17,15,19,20,16
168,0,1,18,1,1,2,3,7,8,9,10,13,14,15,17,14,15,14,15,19,20,16
169,0,18,1,1,2,3,7,8,10,9,13,14,15,19,20,17,16
170,0,1,18,1,17,2,3,7,8,10,9,18,13,14,15,14,15,14,15,19,18,20,16
171,0,1,2,3,7,8,10,9,13,18,14,15,18,17,14,15,14,15,20,19,16
172,0,1,2,3,7,18,18,8,10,9,18,13,14,17,15,20,19,16
173,0,1,1,2,3,17,7,8,9,10,13,14,15,18,14,15,20,19,16
174,0,1,1,1,17,2,3,7,8,9,10,13,18,14,18,15,14,15,14,18,15,20,19,16
175,0,1,1,2,3,7,18,8,9,10,13,14,15,14,15,14,18,18,17,15,19,20,16
176,0,1,1,18,2,3,18,17,7,18,8,10,9,13,14,15,20,19,16
177,0,1,18,1,2,3,7,8,10,9,13,14,17,15,18,18,14,15,20,19,16
178,0,1,17,1,1,18,2,3,7,8,9,10,13,14,15,19,20,16
179,0,18,18,1,1,2,3,7,8,10,9,17,13,14,15,14,18,15,14,15,19,20,16
180,0,18,1,1,18,1,2,3,7,8,10,9,13,14,15,14,17,15,20,19,16
181,0,18,1,2,3,17,7,8,9,10,13,14,15,19,20,16
182,0,1,1,18,1,2,18,18,3,7,17,8,9,10,13,14,15,14,15,14,15,19,20,16
183,0,1,2,3,7,18,10,8,9,13,14,17,15,14,15,19,20,16
184,0,1,1,1,2,3,7,8,18,18,9,10,13,18,14,15,14,15,20,19,17,16
185,0,1,2,3,7,8,10,17,9,13,14,18,15,19,20,16
186,0,1,1,18,2,3,7,18,8,9,10,13,14,15,14,15,14,15,19,17,18,20,16
187,0,1,18,1,1,2,3,7,8,9,10,13,18,14,15,14,17,18,15,20,19,16
188,0,1,1,2,3,7,10,18,8,9,18,13,14,17,15,14,15,20,19,16
189,0,1,2,3,18,7,8,10,9,13,14,15,20,19,17,16
190,0,18,1,2,3,7,8,9,10,18,13,14,15,17,14,15,14,18,15,19,20,16
191,0,1,1,1,2,18,3,7,8,10,9,18,18,13,14,15,14,15,14,15,19,17,20,16
192,0,1,2,3,7,8,10,9,18,13,14,18,15,14,17,15,18,14,15,20,19,16
193,0,1,18,1,1,17,2,3,7,8,10,9,13,14,15,19,20,16
194,0,1,1,1,2,3,17,18,7,18,10,8,9,13,14,15,19,20,16
195,0,1,2,3,7,18,8,10,9,13,14,17,15,14,15,14,18,15,18,20,19,16
196,0,1,1,18,2,18,3,7,8,10,9,17,13,14,15,19,20,16
197,0,1,1,1,2,18,3,7,8,17,9,10,13,14,15,14,15,20,19,16
198,0,1,1,2,3,7,8,10,9,13,18,14,15,17,14,15,14,15,20,19,16
199,0,1,18,1,2,3,17,7,10,8,9,18,13,14,18,15,14,15,19,20,16
200,0,1,1,1,2,3,7,18,8,10,9,13,17,14,15,14,15,20,19,16
201,0,1,2,18,3,7,8,10,9,13,14,15,14,15,18,17,14,15,20,19,16
202,0,1,18,2,3,17,7,8,10,18,9,13,14,15,18,20,19,16
203,0,1,2,3,7,18,8,9,10,13,14,15,14,15,14,15,17,20,19,16
204,0,18,1,1,2,3,7,10,8,9,17,13,14,15,14,15,14,15,20,19,16
205,0,18,1,1,1,2,3,7,10,8,9,13,14,15,20,19,18,17,16
206,0,1,1,1,2,3,7,10,8,9,13,14,15,14,15,17,18,14,18,15,18,19,20,16
207,0,17,1,1,1,2,3,7,8,10,9,13,18,14,15,18,14,15,19,20,16
208,0,18,1,1,1,2,3,7,10,8,9,13,14,15,17,20,19,16
209,0,1,2,3,7,10,8,9,13,14,18,15,14,15,17,20,19,16
210,0,1,1,1,2,3,7,8,9,10,17,13,14,15,18,18,14,15,14,18,15,20,19,16
211,0,1,1,2,3,7,10,8,9,13,18,14,15,14,15,14,17,15,19,20,16
212,0,1,1,1,2,18,18,3,7,8,10,9,13,14,15,17,14,15,14,15,20,19,16
213,0,1,1,1,2,3,7,8,10,9,13,14,15,18,17,14,15,14,18,18,15,20,19,16
214,0,18,17,1,1,2,3,7,10,8,9,13,14,15,19,18,20,18,16
215,0,18,1,1,18,2,3,7,10,8,9,13,14,15,17,14,15,14,15,19,20,16
216,0,17,1,18,1,2,3,7,8,10,9,13,14,18,15,14,15,14,15,20,19,16
217,0,1,1,1,2,3,18,7,17,10,8,9,13,14,15,14,15,14,15,20,19,16
218,0,17,1,1,1,2,3,7,10,8,9,13,14,15,14,15,14,18,15,20,19,16
219,0,1,18,1,18,2,3,7,10,8,9,13,14,15,17,18,14,15,19,20,16
220,0,1,1,1,17,2,3,7,8,10,9,13,14,18,15,14,18,15,20,19,16
221,0,1,2,3,7,8,10,9,17,13,14,15,14,18,15,19,20,18,16
222,0,1,2,17,3,18,7,10,8,9,18,13,18,14,15,14,15,14,15,20,19,16
223,0,1,1,2,3,7,10,17,8,18,9,13,14,15,19,20,16
224,0,1,1,2,3,7,10,8,9,18,13,18,14,15,14,15,17,20,19,16
225,0,17,1,2,3,7,8,9,10,13,14,18,15,20,19,16
226,0,1,2,3,7,10,8,9,17,18,13,14,15,18,14,15,14,15,19,20,16
227,0,1,2,3,7,10,18,8,18,9,13,14,15,14,15,17,20,19,16
228,0,1,1,1,18,2,3,7,10,8,9,13,17,14,15,14,15,20,19,16
229,0,1,2,3,18,17,7,8,10,9,13,14,15,18,14,15,19,20,16
230,0,18,1,1,1,2,3,7,8,17,10,9,13,14,15,19,20,16
231,0,18,1,2,3,7,18,8,17,10,18,9,13,14,15,14,15,14,15,19,20,16
232,0,1,2,3,7,18,8,10,9,13,14,18,15,17,19,20,16
233,0,1,17,1,1,2,3,7,8,10,9,13,14,18,18,15,20,19,16
234,0,18,18,1,2,3,7,8,9,10,13,14,15,14,15,18,14,15,20,17,19,16
235,0,1,1,2,18,17,3,7,8,18,18,10,9,13,14,15,20,19,16
236,0,18,1,1,18,2,3,7,8,9,10,13,14,15,19,20,17,16
237,0,1,2,3,7,8,9,10,18,13,14,15,14,15,14,15,20,17,19,16
238,0,18,1,2,3,7,8,10,9,13,14,15,14,17,15,19,20,16
239,0,17,1,1,2,3,7,8,9,10,13,14,18,15,19,20,16
240,0,1,1,2,3,7,8,10,9,13,14,15,14,18,15,14,15,20,19,17,16
241,0,1,2,18,3,7,18,8,9,10,13,14,17,15,20,19,16
242,0,18,1,1,1,2,3,18,7,10,8,9,13,14,15,14,15,14,15,18,17,19,20,16
243,0,1,1,1,2,3,18,7,8,10,18,9,13,14,15,18,14,15,14,17,15,19,20,16
244,0,1,1,1,18,18,2,3,7,8,10,9,18,13,14,15,14,15,17,20,19,16
245,0,18,1,18,2,3,7,8,10,9,13,14,17,15,14,18,15,20,19,16
246,0,1,1,1,2,17,3,7,8,9,18,18,10,13,14,15,14,15,18,19,20,16
247,0,17,1,1,18,2,18,3,7,10,8,9,13,14,15,19,20,16
248,0,1,1,1,2,3,7,8,10,9,13,14,15,14,15,20,17,19,18,16
249,0,1,1,17,1,18,2,18,3,7,8,10,9,13,14,15,14,15,14,15,19,20,16
250,0,1,18,1,2,3,17,7,10,8,9,13,14,15,20,19,16
251,0,1,1,1,2,3,7,8,18,9,10,13,14,15,20,19,17,16
252,0,1,1,1,18,18,2,18,3,7,8,10,9,13,17,14,15,19,20,16
253,0,1,1,1,18,2,3,7,8,10,9,17,13,14,15,20,19,16
254,0,1,18,2,3,18,7,8,10,9,13,14,15,14,15,14,18,15,17,19,20,16
255,0,1,18,1,1,2,3,7,8,10,9,13,14,15,14,15,14,15,17,19,20,16
256,0,18,1,1,1,17,2,3,7,10,8,9,13,14,15,14,15,20,19,16
257,0,1,1,2,3,7,8,10,9,13,14,17,15,18,14,15,19,20,16
258,0,1,2,3,18,7,8,10,17,9,13,14,15,14,15,18,19,20,16
259,0,1,1,1,2,17,18,3,18,7,8,10,9,13,14,15,14,15,14,18,15,19,20,16
260,0,18,1,1,1,2,3,7,8,17,9,10,13,14,15,14,15,18,14,18,15,20,19,16
261,0,1,1,2,3,7,18,8,10,9,13,14,15,14,15,14,17,15,20,19,16
262,0,17,18,18,1,1,1,2,3,7,10,8,9,13,14,15,20,19,16
263,0,18,1,1,1,2,3,17,7,8,9,10,13,14,15,18,20,19,16
264,0,18,1,2,17,3,7,10,8,9,13,18,18,14,15,20,19,16
265,0,1,1,1,2,3,7,8,18,9,10,13,14,15,20,17,19,16
266,0,1,2,3,7,8,10,9,13,18,17,14,15,14,15,14,15,20,19,16
267,0,1,2,3,7,18,18,8,10,9,13,14,15,14,15,14,15,18,17,19,20,16
268,0,1,18,1,18,1,2,3,7,8,10,9,13,17,14,15,14,15,14,15,19,20,16
269,0,1,1,1,2,3,7,17,8,9,10,13,18,14,15,14,15,18,19,20,16
270,0,1,2,3,7,8,9,10,13,14,15,14,15,14,15,17,18,19,20,16
271,0,18,1,1,17,18,1,2,3,7,10,18,8,9,13,14,15,14,15,14,15,20,19,16
272,0,1,1,2,17,3,7,8,9,10,13,14,15,14,18,15,18,14,15,19,20,16
273,0,18,1,1,2,18,18,3,7,8,10,9,13,14,15,20,17,19,16
274,0,1,1,2,3,7,8,17,9,18,10,13,14,15,20,19,16
275,0,17,1,1,1,2,18,3,18,7,8,9,10,13,14,15,18,14,15,20,19,16
276,0,18,1,1,2,3,7,10,8,9,13,14,18,15,17,20,19,16
277,0,1,18,1,18,2,3,7,8,10,9,17,13,14,15,20,19,16
278,0,1,18,1,2,3,7,8,9,10,13,14,15,14,15,14,17,15,19,20,16
279,0,1,2,3,18,7,10,17,8,9,13,14,15,18,19,20,16
280,0,1,1,2,3,7,8,18,10,9,13,14,15,14,15,14,15,20,17,19,18,16
281,0,18,1,2,18,17,3,7,10,8,9,13,14,15,14,15,19,20,16
282,0,1,1,2,3,18,7,8,9,10,13,14,15,19,20,18,18,17,16
283,0,17,1,1,2,3,7,18,8,10,9,13,14,15,14,15,19,20,16
284,0,1,18,1,2,3,7,8,9,10,13,14,17,15,18,14,18,15,20,19,16
285,0,1,1,1,2,3,7,8,9,10,13,14,15,17,14,18,15,20,19,16
286,0,1,2,3,7,8,17,9,10,13,18,18,14,15,14,15,18,20,19,16
287,0,17,1,2,3,7,18,8,9,10,13,14,15,20,19,16
288,0,1,1,1,2,3,7,8,10,9,13,14,15,17,14,15,20,18,19,16
289,0,1,2,3,17,7,18,8,9,10,13,14,15,20,19,16
290,0,1,2,3,7,10,8,9,13,14,15,14,15,17,18,19,20,16
291,0,1,2,3,18,7,10,8,9,13,18,14,15,17,14,15,14,15,19,20,16
292,0,1,17,2,3,7,8,10,9,13,14,15,20,18,19,16
293,0,1,1,2,3,7,8,9,18,10,17,13,14,15,19,20,16
294,0,18,1,2,3,7,10,8,9,13,18,18,14,15,14,15,17,20,19,16
295,0,1,18,1,1,2,3,7,10,8,9,13,14,15,14,17,15,14,15,20,19,16
296,0,18,1,2,3,7,8,9,10,18,13,18,14,15,20,19,17,16
297,0,1,17,1,1,2,3,7,10,18,8,9,18,13,14,15,19,20,16
298,0,1,2,3,7,8,9,10,13,14,15,14,15,14,15,18,20,17,19,16
299,0,1,1,1,2,3,7,8,9,10,13,14,15,18,17,14,15,20,18,19,16
300,0,1,1,1,2,3,7,8,17,10,18,9,13,14,15,20,19,16
301,0,18,1,1,1,2,3,7,8,9,10,13,14,15,18,14,15,14,17,15,19,18,20,16
302,0,1,1,1,17,2,3,7,8,9,18,10,13,14,15,19,20,18,16
303,0,1,2,3,7,18,8,9,10,13,14,18,15,14,15,20,19,17,16
304,0,1,17,2,3,7,10,8,9,13,14,15,14,15,14,15,18,20,19,16
305,0,1,2,3,7,8,10,18,9,17,13,14,15,14,15,19,18,20,16
306,0,1,1,2,18,3,7,8,9,10,13,14,15,14,17,15,14,15,20,19,16
307,0,1,1,17,1,2,3,7,10,8,9,13,14,15,18,19,20,16
308,0,1,1,2,3,7,8,9,10,13,14,17,15,14,15,18,19,20,16
309,0,1,1,1,2,3,17,7,8,9,10,13,18,18,14,18,15,14,15,19,20,16
310,0,1,1,1,2,3,7,8,10,17,9,13,14,15,14,15,14,15,20,18,18,19,16
311,0,1,1,1,18,2,3,7,8,18,10,9,13,14,15,17,14,15,14,15,19,18,20,16
312,0,1,2,18,3,7,10,17,8,18,9,13,14,15,14,15,18,14,15,19,20,16
313,0,1,18,18,2,3,17,7,8,9,18,10,13,14,15,19,20,16
314,0,18,1,1,2,3,18,7,10,8,18,9,13,17,14,15,14,15,14,15,19,20,16
315,0,1,1,1,2,3,17,7,18,10,18,8,9,13,14,15,14,15,18,14,15,20,19,16
316,0,1,1,1,2,3,7,8,10,18,9,17,13,18,14,15,19,20,16
317,0,18,1,2,3,7,10,8,17,9,13,14,15,14,15,19,20,16
318,0,18,1,2,17,3,7,8,10,18,9,13,14,15,14,15,18,14,15,20,19,16
319,0,1,1,1,17,2,3,7,8,10,9,13,14,15,14,15,20,19,18,16
320,0,1,2,3,7,10,8,9,13,14,15,17,14,15,18,19,20,16
321,0,1,18,1,1,2,3,7,8,10,9,13,14,15,14,15,17,18,14,15,20,19,16
322,0,18,1,2,3,17,7,18,8,10,18,9,13,14,15,20,19,16
323,0,17,1,2,3,7,8,10,9,13,14,15,18,14,15,20,19,16
324,0,1,2,3,7,10,8,9,13,17,14,15,14,15,18,14,15,19,20,16
325,0,18,18,17,1,1,18,2,3,7,8,9,10,13,14,15,20,19,16
326,0,18,1,2,3,17,7,18,10,8,9,13,14,15,20,19,16
327,0,1,18,1,2,18,3,17,7,8,10,9,13,14,15,20,19,16
328,0,18,1,1,17,1,2,3,7,10,8,9,13,14,15,19,20,16
329,0,1,1,2,17,3,7,10,8,9,13,14,15,14,15,18,14,15,18,20,19,16
330,0,1,1,18,17,2,3,7,8,10,9,13,14,15,14,15,19,20,16
331,0,1,17,1,2,18,18,3,7,10,8,9,13,14,15,14,15,20,19,16
332,0,1,2,3,7,18,8,9,10,17,18,13,14,15,14,15,14,18,15,20,19,16
333,0,1,2,17,3,7,8,10,9,13,18,14,15,14,15,20,19,16
334,0,1,1,1,2,3,18,7,8,10,9,13,14,15,14,18,17,15,14,15,20,19,16
335,0,1,1,1,2,3,7,8,9,10,13,14,18,18,18,15,14,15,14,15,17,20,19,16
336,0,1,1,1,18,2,3,7,10,8,9,13,14,18,18,15,14,15,19,17,20,16
337,0,1,1,2,18,3,18,17,7,10,8,9,13,14,15,19,20,16
338,0,18,1,1,1,17,2,3,7,8,18,9,10,13,14,15,14,15,18,14,15,20,19,16
339,0,18,18,1,1,2,3,7,17,18,8,9,10,13,14,15,19,20,16
340,0,1,2,3,7,8,10,9,13,14,15,14,18,15,14,15,20,17,19,16
341,0,1,1,2,18,3,7,8,9,10,17,13,14,15,19,20,16
342,0,1,1,2,3,18,7,10,8,9,13,14,15,14,15,14,15,18,19,18,17,20,16
343,0,1,1,1,18,2,3,17,7,10,8,9,13,14,15,19,20,16
344,0,1,1,1,2,3,7,10,17,8,9,13,14,15,14,15,14,15,18,20,19,16
345,0,18,17,1,2,18,3,7,8,9,10,13,14,15,14,15,19,20,16
346,0,18,1,17,2,3,7,10,8,9,13,14,18,15,14,15,14,15,19,20,16
347,0,1,2,3,7,10,8,9,13,18,14,15,17,14,15,14,18,15,20,19,16
348,0,17,1,18,2,3,7,10,8,9,13,14,15,18,14,15,19,20,16
349,0,1,1,1,17,2,3,7,8,10,9,13,18,14,18,15,14,15,19,20,16
350,0,1,1,17,1,2,3,18,7,8,9,10,13,18,14,15,18,14,15,19,20,16
351,0,1,1,1,17,2,18,3,7,10,8,9,18,13,14,15,20,19,16
352,0,18,1,2,18,3,7,18,8,9,10,13,17,14,15,14,15,19,20,16
353,0,18,1,2,18,18,3,7,8,10,17,9,13,14,15,19,20,16
354,0,17,1,18,2,3,7,8,10,9,13,18,14,15,14,15,14,15,19,20,16
355,0,1,1,2,17,3,18,7,8,9,10,13,14,15,19,20,16
356,0,1,2,3,17,7,8,9,10,13,14,15,14,15,18,20,19,16
357,0,1,1,17,2,3,7,10,8,9,13,14,15,14,18,18,15,19,20,18,16
358,0,1,18,17,1,18,2,3,7,8,10,9,13,14,15,19,20,16
359,0,1,1,17,1,2,3,7,10,8,9,13,14,15,14,15,20,18,19,16
360,0,1,1,1,2,3,7,17,8,9,10,13,14,15,18,20,19,16
361,0,1,1,2,3,7,18,8,10,18,9,13,14,15,14,15,19,20,17,16
362,0,1,1,2,3,18,7,8,10,17,9,13,14,15,14,15,14,15,18,18,20,19,16
363,0,1,1,2,3,17,18,7,8,10,9,13,14,15,14,15,18,20,19,16
364,0,1,1,2,3,7,18,8,9,10,13,14,15,20,17,19,16
365,0,1,1,2,3,17,7,8,10,9,18,13,14,18,15,14,15,14,15,19,20,16
366,0,1,2,3,7,8,9,17,18,10,13,14,15,14,15,18,18,19,20,16
367,0,1,1,2,3,7,8,18,9,10,13,14,17,15,14,15,18,14,15,20,19,16
368,0,1,1,2,3,7,8,10,18,9,13,14,15,14,15,14,15,20,19,17,16
369,0,1,17,18,2,3,7,10,8,18,9,13,14,15,14,15,14,15,19,20,16
370,0,1,2,3,7,8,17,10,9,13,14,15,14,18,15,14,15,20,19,16
371,0,1,2,3,7,18,8,10,9,18,13,18,14,15,20,17,19,16
372,0,1,2,3,7,8,9,10,13,14,15,17,14,15,18,14,15,20,18,19,16
373,0,18,18,1,17,2,3,7,8,10,9,13,14,15,14,15,19,20,16
374,0,1,1,1,2,3,7,17,10,8,9,13,18,14,15,14,15,18,19,18,20,16
375,0,18,1,1,2,18,3,7,8,9,10,13,14,15,19,17,20,16
376,0,1,1,2,3,7,8,10,9,17,13,14,18,15,14,15,14,15,19,20,16
377,0,18,1,1,17,1,2,3,18,7,8,10,9,13,14,15,20,19,16
378,0,1,1,2,3,7,8,9,10,13,14,15,17,18,14,15,14,15,18,20,19,16
379,0,1,1,1,2,3,17,7,8,10,9,13,18,14,15,14,15,19,20,16
380,0,1,1,1,2,3,7,18,10,8,17,9,13,14,15,19,20,16
381,0,1,2,18,3,7,8,10,17,9,13,18,14,15,18,14,15,19,20,16
382,0,1,2,3,7,18,10,8,9,13,14,17,15,14,15,20,19,16
383,0,1,18,1,2,3,7,10,8,9,13,14,15,14,17,15,14,15,18,20,19,16
384,0,18,1,1,2,3,7,8,9,17,10,13,18,14,15,14,15,14,15,20,19,18,16
385,0,18,1,2,3,7,10,8,9,13,14,17,15,19,20,16
386,0,17,18,1,1,2,3,7,10,8,9,13,14,15,19,20,16
387,0,1,2,3,7,10,18,18,8,9,13,17,14,15,14,15,14,15,19,18,20,16
388,0,1,17,1,2,3,7,10,8,9,13,18,14,15,18,14,15,19,20,16
389,0,1,1,1,2,3,17,7,8,9,10,13,14,15,14,15,20,19,18,16
390,0,1,17,2,3,7,8,18,10,9,13,14,15,19,20,16
391,0,18,1,17,2,3,7,10,8,9,13,14,15,14,15,20,19,16
392,0,1,1,18,18,2,3,7,8,9,10,13,14,15,14,15,14,15,18,19,20,17,16
393,0,1,2,3,7,18,18,8,10,9,18,13,14,15,14,15,17,20,19,16
394,0,18,18,1,1,2,3,7,8,10,9,13,14,15,14,15,19,20,17,16
395,0,1,2,3,7,8,10,9,13,14,15,14,15,20,19,18,17,16
396,0,17,1,1,1,2,3,7,8,18,9,10,18,13,14,15,19,20,16
397,0,18,1,2,18,17,3,7,8,9,10,13,18,14,15,14,15,19,20,16
398,0,1,1,1,18,2,3,7,17,8,18,10,9,13,14,15,18,19,20,16
399,0,1,18,2,3,7,10,8,9,13,18,14,15,14,15,20,19,17,16
400,0,18,1,2,3,7,18,17,10,8,9,13,14,15,18,14,15,20,19,16
401,0,1,1,17,1,2,18,3,7,18,18,8,10,9,13,14,15,20,19,16
402,0,1,1,2,3,7,18,10,8,9,13,14,15,18,14,17,15,14,18,15,19,20,16
403,0,1,18,1,1,2,3,7,10,8,17,9,13,18,14,15,20,19,16
404,0,18,1,17,1,2,3,7,18,8,9,10,13,14,18,15,14,15,20,19,16
405,0,1,17,1,1,2,3,7,18,10,8,9,13,14,15,14,15,14,18,15,18,20,19,16
406,0,17,1,1,2,3,18,7,8,18,9,10,13,14,15,20,19,18,16
407,0,1,1,18,2,3,7,10,17,8,9,13,14,15,18,14,15,14,15,19,20,16
408,0,1,1,2,3,7,8,10,9,13,17,14,15,19,20,18,16
409,0,17,1,1,2,3,7,8,18,9,10,13,14,15,20,19,16
410,0,1,2,3,7,10,8,9,17,13,14,15,19,20,18,16
411,0,1,2,18,18,17,3,7,8,10,9,13,14,15,18,14,15,19,20,16
412,0,1,1,2,3,7,17,8,9,10,13,14,18,15,18,14,15,20,18,19,16
413,0,1,2,3,7,10,18,8,9,13,14,18,15,14,15,18,14,17,15,19,20,16
414,0,18,1,1,2,18,3,7,10,8,9,17,18,13,14,15,14,15,19,20,16
415,0,1,1,1,17,18,2,18,3,7,8,10,9,13,18,14,15,14,15,20,19,16
416,0,1,1,18,2,3,7,10,8,9,13,14,18,15,14,15,20,18,19,17,16
417,0,1,18,1,2,3,7,10,8,9,13,14,15,14,15,14,17,15,20,19,16
418,0,1,2,3,7,10,8,9,13,14,18,15,17,14,15,19,20,16
419,0,1,1,1,2,3,7,10,8,17,9,18,13,14,15,14,15,14,15,20,18,19,16
420,0,1,1,1,2,3,7,8,10,17,18,9,13,14,15,18,18,14,15,19,20,16
421,0,1,1,2,3,7,8,9,10,18,13,14,15,14,15,14,15,19,17,20,16
422,0,18,1,1,2,3,7,17,8,9,10,13,14,15,18,19,20,16
423,0,1,1,1,2,3,17,7,8,10,18,9,13,14,15,14,15,14,15,19,18,18,20,16
424,0,1,1,2,3,7,8,17,10,9,13,14,15,14,15,18,18,20,19,16
425,0,1,18,2,3,7,10,17,18,8,9,13,14,15,14,15,19,18,20,16
426,0,1,2,3,7,18,10,8,9,17,13,14,15,20,19,16
427,0,18,18,18,1,2,17,3,7,8,10,9,13,14,15,14,15,20,19,16
428,0,1,1,2,17,3,7,8,9,18,10,13,14,18,15,14,15,14,18,15,20,19,16
429,0,1,2,3,7,8,9,17,10,13,14,15,19,18,18,18,20,16
430,0,1,18,1,1,2,3,7,8,9,10,18,13,14,15,18,14,15,14,17,15,19,20,16
431,0,1,2,3,7,8,18,9,10,13,14,18,15,20,17,19,16
432,0,1,1,1,2,17,3,7,8,9,10,13,14,15,18,14,15,14,15,20,19,16
433,0,1,1,1,2,3,7,10,8,9,17,18,13,14,18,15,14,15,14,15,18,19,20,16
434,0,1,1,2,3,7,8,9,18,10,13,14,15,14,15,17,19,20,16
435,0,1,1,1,2,18,3,7,10,8,9,13,17,14,18,15,14,15,14,15,20,19,16
436,0,1,2,3,17,18,7,8,9,10,13,14,15,14,15,20,18,18,19,16
437,0,1,1,2,3,7,8,17,18,18,9,10,18,13,14,15,14,15,19,20,16
438,0,1,1,18,2,3,7,8,10,9,13,14,17,15,19,20,16
439,0,1,1,18,2,3,7,10,8,9,13,14,15,17,20,19,16
440,0,1,2,3,7,8,10,18,9,13,17,14,15,14,15,18,14,15,19,20,16
441,0,1,18,1,2,3,7,10,18,17,8,9,13,14,15,20,19,16
442,0,18,1,17,1,1,2,3,7,8,9,10,13,14,15,14,18,15,18,20,19,16
443,0,17,1,2,3,7,10,8,9,18,13,14,15,20,18,19,16
444,0,1,2,3,7,8,10,18,9,13,14,15,14,15,17,18,20,19,16
445,0,1,1,1,2,18,3,18,7,10,8,9,13,17,18,14,15,20,19,16
446,0,18,1,1,1,17,2,3,7,8,18,10,9,13,14,15,14,15,19,20,16
447,0,1,2,3,7,8,9,10,13,14,18,15,20,17,19,16
448,0,1,1,1,2,3,7,18,8,10,9,13,17,18,14,15,20,19,16
449,0,1,1,2,3,7,8,10,9,13,18,14,17,15,20,19,16
450,0,1,2,3,18,7,17,8,9,10,13,14,15,19,20,16
451,0,1,1,1,2,3,7,8,18,9,18,10,13,14,17,15,19,20,16
452,0,17,1,1,1,2,3,7,8,9,10,13,18,14,15,14,15,19,20,16
453,0,1,1,2,3,17,18,7,8,18,9,10,13,14,15,14,15,18,14,15,19,20,16
454,0,1,17,18,2,18,3,7,8,9,10,13,14,15,14,15,20,19,16
455,0,1,2,3,7,10,8,17,18,9,13,14,15,14,15,20,19,16
456,0,1,18,2,3,7,10,8,9,13,14,15,17,14,18,15,20,19,16
457,0,17,1,1,2,3,7,10,8,9,18,13,14,15,14,15,14,15,20,19,16
458,0,1,18,2,3,7,8,9,10,13,17,14,15,14,18,15,14,15,20,19,16
459,0,18,1,1,1,17,2,3,7,10,8,18,9,18,13,14,15,20,19,16
460,0,1,1,1,2,3,7,8,10,18,9,13,14,15,14,15,17,19,20,16
461,0,18,1,1,18,1,2,3,7,8,10,9,13,14,15,14,18,15,19,17,20,16
462,0,1,18,2,3,7,8,9,17,18,10,18,13,14,15,19,20,16
463,0,18,17,1,1,2,3,7,18,8,10,9,13,14,15,19,20,16
464,0,18,17,1,18,1,2,3,7,10,8,9,13,14,15,14,15,14,15,19,20,16
465,0,1,1,17,2,3,18,18,7,10,8,9,18,13,14,15,20,19,16
466,0,1,1,1,2,3,7,17,18,8,10,9,13,14,18,15,14,15,14,15,19,20,18,16
467,0,17,1,1,2,3,7,8,10,9,13,14,18,15,19,20,16
468,0,1,1,1,17,2,3,7,8,18,9,10,13,14,15,14,15,20,19,16
469,0,1,2,3,7,8,10,9,13,14,15,14,17,18,15,14,15,20,19,16
470,0,1,2,3,7,10,8,9,13,17,18,14,15,14,15,19,20,16
471,0,1,2,18,3,7,18,10,8,9,17,13,14,18,15,14,15,19,20,16
472,0,1,18,2,3,7,10,8,9,13,17,14,15,14,15,14,15,19,20,16
473,0,1,18,1,17,18,1,2,3,7,8,10,9,13,14,15,14,15,19,20,16
474,0,18,18,1,1,1,2,3,7,18,17,8,10,9,13,14,15,19,20,16
475,0,1,1,1,18,2,3,18,7,8,9,10,18,13,17,14,15,14,15,14,15,20,19,16
476,0,17,1,1,1,2,3,7,18,10,8,9,13,14,15,14,15,14,15,20,19,16
477,0,1,1,2,3,7,17,8,9,10,13,18,14,15,19,20,16
478,0,1,1,17,1,18,2,3,7,8,10,9,13,14,15,20,19,16
479,0,1,1,17,1,2,3,18,7,8,18,9,10,13,14,15,14,15,18,20,19,16
480,0,1,2,18,3,17,18,7,8,10,9,13,14,15,19,18,20,16
481,0,1,1,1,2,3,7,10,8,18,17,9,13,14,15,14,15,19,18,20,16
482,0,1,2,3,7,10,8,18,9,13,18,14,15,14,18,15,17,19,20,16
483,0,1,1,2,3,7,8,9,10,13,18,14,15,14,15,14,18,17,15,19,20,16
484,0,1,2,3,18,7,8,9,10,13,14,15,14,15,17,18,19,20,16
485,0,1,1,1,2,3,7,8,10,9,13,14,15,17,14,18,15,19,20,16
486,0,17,1,1,1,2,3,18,7,8,10,9,18,18,13,14,15,14,15,19,20,16
487,0,1,2,3,7,8,10,18,9,13,14,15,17,19,20,16
488,0,1,1,1,2,3,7,10,8,9,13,14,15,14,15,20,19,18,17,16
489,0,18,1,1,1,2,3,7,17,10,8,9,13,18,14,15,14,15,20,19,16
490,0,17,1,1,2,3,7,8,9,10,13,18,18,18,14,15,20,19,16
491,0,1,2,3,7,10,8,9,18,13,14,17,15,14,15,19,20,16
492,0,17,18,1,2,3,18,7,8,9,10,18,13,14,15,14,15,20,19,16
493,0,17,1,1,1,2,3,7,8,10,9,13,14,15,18,14,15,19,20,16
494,0,1,1,1,2,18,3,7,18,10,8,9,13,17,14,15,19,18,20,16
495,0,17,18,1,2,3,7,8,9,10,18,13,18,14,15,20,19,16
496,0,1,2,3,7,18,8,10,9,13,14,15,14,15,20,17,19,16
497,0,18,1,17,2,3,7,8,9,10,13,14,15,14,15,14,15,20,19,16
498,0,1,1,1,2,17,3,7,8,9,10,13,18,14,15,14,15,14,15,19,20,16
499,0,1,17,1,1,2,3,7,18,8,9,10,13,14,18,15,14,15,14,15,19,20,16
500,0,17,1,1,1,2,3,18,7,8,9,10,13,14,15,14,15,19,20,16
501,0,17,1,1,2,18,3,7,8,10,9,13,14,15,14,15,14,15,19,20,16
502,0,18,1,2,3,7,10,17,8,9,13,14,15,19,20,16
503,0,1,2,3,7,10,8,9,13,14,18,15,14,18,17,15,19,20,16
504,0,1,2,3,7,18,8,18,9,10,13,14,15,18,14,15,14,17,15,20,19,16
505,0,1,1,18,2,3,17,18,7,8,10,9,13,14,18,15,14,15,20,19,16
506,0,18,1,18,2,3,7,10,8,9,13,18,17,14,15,14,15,14,15,19,20,16
507,0,18,18,17,1,1,2,3,7,10,8,9,13,14,15,14,15,14,15,20,19,16
508,0,1,18,1,2,3,7,8,9,18,10,13,14,15,14,15,14,15,18,17,19,20,16
509,0,1,1,1,2,3,7,10,8,9,17,13,14,18,15,20,19,16
510,0,1,17,2,3,7,10,8,9,13,14,15,14,15,14,15,19,18,20,18,16
511,0,18,1,1,1,2,3,7,8,10,9,13,14,15,14,15,14,17,15,20,19,16
512,0,1,2,3,7,18,18,8,9,18,10,11,17,12,13,14,15,19,20,16
513,0,1,2,18,3,7,8,10,9,11,12,13,14,15,20,19,17,16
514,0,18,1,2,18,3,7,8,10,9,11,12,13,14,17,15,19,20,16
515,0,1,2,3,7,8,9,10,11,12,13,17,18,14,15,14,15,19,20,16
516,0,1,2,3,7,8,9,17,10,11,12,13,14,15,19,18,20,16
517,0,1,1,1,18,2,18,3,7,8,10,18,9,11,12,13,14,15,17,20,19,16
518,0,1,1,2,3,17,7,10,18,8,9,11,12,13,18,14,15,14,15,20,19,18,16
519,0,1,2,3,7,8,10,9,11,17,12,13,14,18,15,14,15,14,15,19,20,16
520,0,18,17,1,1,2,3,7,8,9,10,11,12,13,14,15,19,20,16
521,0,1,2,3,7,10,8,17,9,11,12,18,13,14,15,14,15,20,19,16
522,0,1,1,2,3,7,10,8,9,18,11,18,12,17,13,14,15,20,19,16
523,0,1,1,2,3,17,7,10,8,9,11,12,13,14,15,19,18,20,16
524,0,1,1,2,3,18,7,8,9,10,11,12,13,14,15,17,19,20,16
525,0,1,18,1,2,3,7,10,8,9,11,17,12,13,14,18,15,19,20,16
526,0,1,2,3,7,8,10,9,11,18,17,12,13,14,15,19,20,16
527,0,1,2,17,3,7,8,10,9,11,18,12,13,14,15,18,14,15,20,19,16
528,0,17,1,18,1,2,3,7,8,9,10,11,12,13,18,14,15,14,15,19,20,16
529,0,18,1,1,1,2,3,7,10,8,9,11,12,13,14,15,14,15,14,17,15,20,19,16
530,0,18,1,1,1,2,3,7,10,8,9,11,12,18,17,13,14,18,15,19,20,16
531,0,1,1,2,3,7,8,9,18,17,10,11,12,13,14,15,19,18,20,16
532,0,1,1,2,3,7,8,17,18,10,9,11,12,13,14,15,20,18,18,19,16
533,0,1,1,2,18,17,3,7,10,8,9,11,12,13,14,15,14,15,14,15,20,19,16
534,0,1,2,18,3,7,10,8,18,9,11,12,13,14,15,14,18,15,17,14,15,20,19,16
535,0,1,1,2,3,7,10,17,8,9,11,12,13,14,15,14,15,14,15,18,19,20,16
536,0,1,2,3,7,10,18,17,8,9,11,18,12,13,14,18,15,19,20,16
537,0,1,2,3,7,10,8,18,9,11,12,13,14,15,18,14,17,15,19,20,16
538,0,1,1,1,2,3,7,17,10,8,9,18,18,11,12,13,14,15,14,15,18,19,20,16
539,0,17,1,1,1,18,2,3,7,8,10,9,11,12,13,14,15,18,14,15,20,19,16
540,0,18,1,2,3,7,8,18,9,10,11,12,13,14,17,15,14,15,18,14,15,19,20,16
541,0,1,1,2,3,7,10,8,9,18,11,12,13,14,18,15,14,17,15,20,19,16
542,0,1,1,1,2,3,17,18,7,8,9,10,11,18,12,13,14,15,14,18,15,20,19,16
543,0,1,1,1,2,3,7,10,8,9,11,12,13,14,15,20,18,17,19,16
544,0,1,1,17,2,18,3,18,7,10,8,18,9,11,12,13,14,15,14,15,20,19,16
545,0,1,1,1,2,3,7,8,10,18,9,11,12,13,14,17,15,19,20,16
546,0,1,1,1,18,18,2,3,7,8,18,17,9,10,11,12,13,14,15,14,15,14,15,20,19,16
547,0,1,1,2,3,18,7,8,10,9,18,11,12,17,13,14,15,14,15,14,15,20,19,16
548,0,1,1,1,2,3,18,7,8,10,9,11,12,13,14,15,14,15,20,17,19,16
549,0,1,1,18,2,3,7,8,18,10,9,11,12,13,14,15,18,14,15,14,17,15,19,20,16
550,0,18,1,1,2,3,7,10,8,9,11,12,13,14,15,14,15,19,20,17,16
551,0,1,2,3,18,7,18,8,10,9,17,11,12,13,14,15,20,19,16
552,0,1,1,1,17,18,2,3,7,10,18,8,9,11,12,13,14,15,19,20,16
553,0,1,17,1,1,2,3,7,8,10,18,9,11,12,13,18,14,15,19,20,16
554,0,1,1,1,2,3,7,17,8,9,10,11,18,12,13,14,15,14,15,20,19,18,16
555,0,1,2,3,7,18,8,9,18,18,10,11,12,13,14,15,14,15,14,17,15,20,19,16
556,0,1,1,2,3,7,10,8,9,11,12,13,14,15,17,14,15,14,18,15,20,19,16
557,0,1,1,2,3,7,8,9,10,11,12,13,14,15,14,15,20,19,18,17,16
558,0,1,1,2,3,7,10,8,9,18,11,12,13,18,14,15,14,15,14,15,19,20,17,16
559,0,1,18,1,2,3,7,10,8,9,11,12,13,17,14,15,14,18,15,20,19,16
560,0,1,18,1,2,3,7,8,10,9,11,17,12,13,14,15,14,15,20,19,16
561,0,1,1,2,3,7,8,10,17,9,11,12,13,14,15,14,15,20,18,19,16
562,0,1,1,18,1,2,3,7,10,8,9,18,18,11,17,12,13,14,15,20,19,16
563,0,1,18,1,1,18,2,3,7,8,10,17,9,11,12,13,14,18,15,19,20,16
564,0,1,1,2,3,7,10,8,9,11,12,17,18,13,14,15,19,20,16
565,0,18,17,18,1,1,2,3,7,8,10,9,11,12,13,14,18,15,14,15,14,15,19,20,16
566,0,1,1,2,18,3,7,8,10,9,18,17,11,12,13,14,15,19,20,16
567,0,1,1,17,1,2,18,3,7,8,10,9,11,12,18,13,14,15,19,18,20,16
568,0,18,17,18,1,1,1,2,3,7,8,10,9,11,12,13,14,15,20,18,19,16
569,0,1,1,1,2,3,7,10,8,9,11,12,17,13,14,15,18,18,18,19,20,16
570,0,1,2,18,3,7,18,10,8,9,11,12,13,17,14,15,14,15,14,15,19,20,18,16
571,0,1,18,1,17,2,3,7,8,10,9,11,12,13,14,18,15,19,20,18,16
572,0,18,1,1,1,2,17,3,7,8,10,9,11,12,13,14,15,20,19,16
573,0,1,1,2,3,7,17,10,18,18,8,9,11,12,13,14,15,19,20,16
574,0,17,18,18,1,2,3,7,10,8,9,11,12,13,14,15,14,15,20,19,16
575,0,18,1,1,17,1,2,3,7,18,10,18,8,9,11,12,13,14,15,14,15,14,15,20,19,16
576,0,1,1,2,18,3,7,8,9,10,11,12,13,17,14,15,18,14,15,14,15,18,19,20,16
577,0,1,2,18,3,7,8,9,17,10,11,12,13,14,15,14,15,14,15,19,20,16
578,0,18,1,2,3,7,10,8,9,11,12,13,14,15,14,15,19,20,17,16
579,0,1,18,2,3,7,10,8,9,11,12,17,13,14,18,18,15,14,15,20,19,16
580,0,17,1,1,18,2,18,3,7,10,8,18,9,11,12,13,14,15,20,19,16
581,0,1,2,3,18,18,7,8,9,17,10,11,12,18,13,14,15,14,15,14,15,19,20,16
582,0,1,1,2,3,7,8,10,9,11,12,13,14,17,15,14,15,18,20,19,16
583,0,18,1,1,1,2,3,7,8,18,9,10,18,11,12,17,13,14,15,14,15,20,19,16
584,0,1,1,2,3,7,8,10,9,11,18,12,13,14,17,15,18,14,15,19,20,16
585,0,1,1,2,3,7,18,8,10,18,17,9,11,12,13,14,15,14,18,15,14,15,20,19,16
586,0,1,1,1,2,3,7,8,9,10,18,18,11,12,13,14,15,14,15,17,18,20,19,16
587,0,1,1,1,2,3,7,17,8,10,9,11,18,12,13,14,15,18,14,15,14,15,20,19,16
588,0,1,1,1,2,3,18,18,7,17,8,10,9,11,12,13,14,15,19,20,16
589,0,1,1,1,2,3,17,7,8,9,10,11,12,13,18,14,15,14,15,19,20,16
590,0,18,1,1,1,2,3,17,7,8,9,10,11,18,12,13,14,15,14,15,14,15,19,20,16
591,0,18,17,1,1,1,2,3,7,10,8,9,18,11,12,13,14,15,19,20,18,16
592,0,18,18,1,1,1,2,3,7,8,9,10,11,12,13,14,15,14,18,15,14,15,19,17,20,16
593,0,1,2,3,7,8,10,18,9,11,12,13,14,15,18,14,15,17,14,15,20,19,16
594,0,1,18,17,1,1,2,3,7,8,10,9,11,12,13,14,18,15,14,15,19,20,16
595,0,1,1,18,2,3,7,8,10,9,11,12,13,17,18,14,15,18,19,20,16
596,0,1,1,1,2,3,7,10,8,18,9,11,12,13,17,14,15,20,19,16
597,0,18,1,2,3,7,8,9,10,11,12,13,17,18,14,15,14,15,14,15,19,18,20,16
598,0,18,1,1,2,17,3,7,8,9,10,18,18,11,12,13,14,15,14,15,19,20,16
599,0,17,1,1,18,1,2,3,7,8,10,9,11,12,13,14,15,19,20,16
600,0,1,1,2,18,3,7,10,8,9,11,12,17,13,14,15,14,15,14,15,20,19,16
601,0,1,1,1,2,3,7,10,8,9,11,18,12,13,14,15,14,15,14,15,17,18,20,19,16
602,0,1,1,2,3,7,18,8,10,9,11,12,13,17,14,15,14,15,18,14,15,19,20,16
603,0,17,1,2,3,7,8,18,10,9,11,12,13,14,15,18,19,20,16
604,0,1,1,1,2,3,7,18,8,10,9,11,18,12,17,18,13,14,15,14,15,19,20,16
605,0,18,1,1,1,2,3,7,8,9,10,11,18,17,12,13,14,15,14,15,19,20,16
606,0,1,1,1,2,3,7,18,8,10,9,11,12,13,14,17,15,14,18,15,20,18,19,16
607,0,1,1,18,2,3,7,8,10,9,11,12,18,13,14,18,17,15,19,20,16
608,0,1,1,1,2,3,7,10,8,9,11,12,13,17,14,15,14,15,18,20,19,16
609,0,1,18,1,2,3,7,10,8,9,17,11,12,13,14,18,15,18,14,15,20,19,16
610,0,1,2,3,7,8,10,9,18,11,12,13,14,15,14,18,15,14,15,17,19,20,16
611,0,1,18,1,1,2,3,7,10,8,9,11,12,13,17,14,15,14,18,15,14,15,20,18,19,16
612,0,1,1,1,2,3,7,8,10,18,9,11,12,13,14,15,14,15,17,18,19,20,16
613,0,1,1,2,3,7,18,10,8,9,11,12,13,18,14,15,18,17,19,20,16
614,0,18,1,2,3,7,8,9,10,17,11,12,13,14,15,19,18,20,16
615,0,18,17,1,2,3,7,8,9,10,11,12,13,14,15,14,18,15,14,15,20,19,16
616,0,1,2,3,7,10,8,9,11,12,13,18,14,15,14,15,14,15,20,19,17,16
617,0,1,1,2,3,7,8,10,9,11,12,13,14,15,17,14,18,15,18,18,14,15,20,19,16
618,0,18,1,1,18,2,3,18,7,8,10,9,11,12,13,14,15,14,15,14,15,19,17,20,16
619,0,1,1,2,3,17,7,8,9,10,11,12,18,13,14,15,14,18,15,20,19,16
620,0,1,18,1,2,18,3,7,8,10,18,9,11,12,17,13,14,15,14,15,19,20,16
621,0,1,2,18,18,3,7,10,17,8,9,11,12,13,14,15,19,20,16
622,0,18,17,1,1,1,2,3,7,8,9,10,11,18,12,13,14,15,20,19,16
623,0,1,2,3,7,8,9,10,11,17,12,13,18,18,14,15,19,18,20,16
624,0,1,18,1,2,3,7,17,10,8,9,11,12,13,14,18,15,14,18,15,20,19,16
625,0,1,1,2,18,3,7,10,8,9,11,12,17,13,14,15,14,15,19,20,16
626,0,18,1,1,1,2,18,3,7,18,17,8,10,9,11,12,13,14,15,14,15,14,15,20,19,16
627,0,1,1,2,3,7,8,10,9,11,12,13,18,14,15,19,20,17,16
628,0,18,1,2,18,18,3,7,8,17,9,10,11,12,13,14,15,20,19,16
629,0,1,2,3,7,8,10,9,11,17,18,12,13,14,15,14,15,14,15,20,19,16
630,0,1,18,1,1,2,3,7,8,9,10,11,12,13,14,17,15,14,15,20,19,16
631,0,1,1,1,2,3,7,10,8,9,11,12,13,14,15,14,15,14,17,18,15,19,20,16
632,0,1,1,1,2,3,7,8,9,10,11,12,13,14,15,20,19,18,18,17,16
633,0,1,1,1,18,2,3,7,8,18,9,10,11,12,13,14,15,17,14,15,20,19,16
634,0,1,1,2,3,7,18,17,8,9,10,18,11,12,18,13,14,15,14,15,20,19,16
635,0,1,1,2,3,17,7,10,8,9,11,12,13,14,15,14,18,15,14,15,20,19,18,16
636,0,1,1,2,18,3,7,10,8,9,11,17,12,13,14,15,14,15,14,15,19,20,16
637,0,18,1,1,18,2,3,7,10,8,9,11,12,18,13,14,15,20,19,17,16
638,0,1,1,1,2,3,7,18,8,9,10,11,12,13,14,17,15,14,15,19,20,16
639,0,1,1,1,2,3,7,18,8,9,10,17,11,12,13,14,15,14,15,20,19,18,16
640,0,1,18,1,4,5,6,7,18,8,10,17,9,13,14,15,19,20,16
641,0,1,1,18,1,4,5,6,7,18,8,9,10,13,14,15,14,15,18,17,19,20,16
642,0,1,18,1,1,4,5,6,7,8,17,9,10,13,14,15,14,15,19,20,16
643,0,18,1,1,1,4,5,6,7,10,8,9,13,14,15,14,15,20,17,19,16
644,0,1,1,1,17,4,5,6,7,8,18,10,9,13,14,15,19,20,16
645,0,18,1,1,4,5,6,7,8,10,9,13,14,15,14,15,14,15,20,19,17,16
646,0,1,1,17,1,4,5,18,6,7,8,9,10,13,14,18,15,20,19,16
647,0,1,1,17,1,4,5,6,7,8,10,9,18,13,14,15,20,19,16
648,0,1,17,1,4,5,6,7,10,8,9,13,14,15,14,18,15,19,20,16
649,0,1,4,5,6,7,8,9,10,13,17,14,15,14,15,19,18,20,16
650,0,1,18,1,1,4,5,6,7,8,9,10,13,18,14,15,14,15,14,15,20,17,18,19,16
651,0,18,17,1,1,4,5,6,18,7,8,10,9,13,14,15,14,15,19,18,20,16
652,0,1,4,18,17,5,6,7,8,10,18,9,13,14,15,20,19,16
653,0,1,4,5,6,7,8,9,10,13,14,15,14,15,14,18,15,20,17,19,16
654,0,1,1,4,17,18,5,6,18,7,18,8,9,10,13,14,15,14,15,20,19,16
655,0,1,18,1,4,5,6,18,7,10,8,9,13,14,15,14,15,17,19,20,16
656,0,1,1,4,18,5,6,7,8,10,9,17,13,18,14,15,19,20,16
657,0,18,1,1,18,4,5,6,7,17,8,18,9,10,13,14,15,14,15,14,15,20,19,16
658,0,1,4,5,6,7,18,10,8,18,9,13,17,14,15,14,15,20,19,16
659,0,1,1,1,4,5,6,7,10,8,18,9,13,14,15,14,15,17,18,19,20,16
660,0,1,4,5,6,7,8,10,9,13,18,14,17,15,18,18,14,15,14,15,19,20,16
661,0,1,4,5,6,7,8,9,10,13,18,14,15,20,17,19,16
662,0,1,1,4,5,6,7,8,10,9,13,14,15,14,15,14,15,20,17,18,19,16
663,0,18,1,1,1,18,18,4,17,5,6,7,8,10,9,13,14,15,19,20,16
664,0,18,1,1,1,4,5,6,7,8,10,9,18,17,13,14,15,14,15,14,15,20,19,16
665,0,1,18,4,5,6,18,7,8,9,10,13,14,18,15,17,19,20,16
666,0,18,1,4,5,6,7,8,10,9,17,13,14,15,14,15,19,20,16
667,0,1,1,4,17,5,6,7,18,18,8,9,10,18,13,14,15,14,15,14,15,19,20,16
668,0,18,1,4,5,6,7,10,17,8,9,13,14,15,14,15,20,19,16
669,0,1,18,1,1,4,5,18,6,7,8,17,9,10,13,14,15,14,15,14,15,20,19,16
670,0,1,1,4,5,6,7,18,18,8,10,9,13,14,15,14,15,19,20,17,16
671,0,1,1,1,4,5,6,7,10,8,9,17,13,14,15,14,15,18,20,19,16
672,0,18,1,1,1,4,5,18,6,17,7,8,10,9,13,14,18,15,20,19,16
673,0,17,1,18,1,4,5,6,7,8,10,9,13,14,18,15,14,15,19,20,16
674,0,1,4,5,6,7,10,17,18,8,9,18,13,14,15,14,15,20,19,16
675,0,18,1,4,5,6,7,10,8,9,13,14,15,17,19,20,16
676,0,1,1,1,4,5,6,7,8,9,10,13,14,17,15,14,18,15,19,20,16
677,0,1,4,5,6,7,8,10,9,17,13,18,14,15,14,15,18,14,15,20,19,16
678,0,1,1,4,5,6,18,17,7,8,9,10,13,14,15,14,15,19,20,16
679,0,18,1,4,5,6,7,8,10,9,17,13,14,15,14,15,14,15,19,20,16
680,0,18,1,1,1,4,5,6,7,10,8,9,17,13,18,14,15,20,19,16
681,0,1,4,18,5,6,7,8,9,10,18,17,13,14,18,15,19,20,16
682,0,1,1,1,4,5,17,6,7,8,9,10,18,13,14,15,18,14,15,19,20,16
683,0,1,18,1,17,1,4,5,6,7,10,8,18,9,13,14,15,14,15,19,20,16
684,0,1,4,5,6,7,10,8,18,18,17,9,13,14,15,20,19,16
685,0,17,18,1,1,1,4,5,6,7,10,8,9,13,18,14,15,14,15,14,15,20,19,16
686,0,1,17,1,4,5,6,7,8,9,10,13,14,15,14,18,15,14,15,20,19,16
687,0,1,1,1,4,5,6,7,8,10,9,17,13,14,15,14,15,18,20,19,16
688,0,1,1,18,17,1,4,5,6,7,18,8,9,10,13,14,15,14,15,18,20,19,16
689,0,1,18,18,1,4,5,6,7,8,18,9,10,13,17,14,15,20,19,16
690,0,1,1,1,4,18,5,6,7,10,8,9,17,13,14,18,15,14,15,14,15,20,19,16
691,0,18,1,4,18,5,17,6,7,8,9,10,13,14,18,15,14,15,14,15,20,19,16
692,0,17,1,4,18,5,6,7,8,9,18,10,13,14,15,14,15,14,15,19,20,16
693,0,1,4,5,6,18,7,8,18,10,9,18,13,14,15,14,17,15,19,20,16
694,0,1,1,1,4,17,5,6,7,8,9,10,13,14,18,15,19,20,16
695,0,1,1,4,5,6,18,7,18,8,9,10,13,14,15,14,15,20,19,17,16
696,0,1,18,4,5,6,18,7,8,9,10,13,17,14,15,19,20,16
697,0,1,1,1,4,5,6,7,10,8,9,13,14,15,14,17,15,14,15,20,18,19,16
698,0,18,1,4,5,6,7,8,10,9,13,14,17,15,14,15,19,20,16
699,0,1,1,1,4,5,6,18,7,8,10,9,17,13,14,15,14,15,19,20,18,16
700,0,18,1,18,1,1,4,5,6,7,8,9,18,10,13,14,15,14,15,17,19,20,16
701,0,1,18,4,18,17,5,6,7,10,8,9,13,14,15,14,15,14,15,18,19,20,16
702,0,18,1,1,4,5,6,17,7,8,9,10,13,14,15,14,15,14,15,20,19,16
703,0,1,4,5,6,18,18,7,10,8,9,18,13,14,15,19,20,17,16
704,0,1,18,1,4,5,6,7,8,9,10,13,14,15,17,18,20,18,19,16
705,0,17,1,1,4,5,6,7,10,8,18,9,13,14,15,18,19,18,20,16
706,0,1,18,1,4,5,6,7,17,8,9,18,10,13,14,18,15,14,15,14,15,20,19,16
707,0,17,1,1,1,4,5,6,7,8,9,10,18,13,14,18,15,14,15,20,19,16
708,0,1,4,5,6,7,18,10,8,9,13,14,18,15,14,15,19,17,20,16
709,0,18,18,1,1,1,18,4,17,5,6,7,8,9,10,13,14,15,14,15,14,15,20,19,16
710,0,1,4,18,5,6,18,7,17,10,8,9,13,14,15,14,15,19,20,16
711,0,1,1,4,5,18,6,7,10,8,9,13,14,15,17,14,15,14,15,20,19,16
712,0,1,17,18,4,5,6,7,8,10,9,13,14,18,15,18,14,15,14,15,20,19,16
713,0,1,1,1,17,4,5,6,7,18,8,10,9,13,14,15,14,18,15,19,20,16
714,0,1,1,1,4,18,17,5,6,7,8,10,9,13,14,18,15,14,15,18,14,15,20,19,16
715,0,18,1,4,5,6,7,10,8,9,13,14,15,17,14,15,20,19,16
716,0,1,4,5,6,7,18,10,18,8,17,9,13,14,15,18,14,15,14,15,20,19,16
717,0,1,1,4,5,6,7,8,9,17,10,13,18,14,15,18,19,20,16
718,0,18,1,4,17,18,5,6,18,7,8,10,9,13,14,15,14,15,19,20,16
719,0,18,1,1,1,4,5,6,7,18,8,10,9,13,14,18,15,14,15,17,19,20,16
720,0,1,1,4,5,6,7,8,10,18,17,9,13,18,14,15,19,20,16
721,0,1,18,1,4,5,6,17,18,7,8,10,9,13,14,15,20,18,19,16
722,0,1,1,4,5,6,7,8,10,9,13,14,15,18,17,14,15,14,15,19,20,16
723,0,18,18,1,1,4,5,6,7,10,8,9,17,13,14,15,20,19,16
724,0,1,1,17,1,18,4,5,6,7,18,10,8,9,13,14,15,19,20,16
725,0,1,4,5,6,7,18,10,8,18,9,13,14,15,14,18,15,14,17,15,19,20,16
726,0,1,1,1,4,5,6,7,8,10,9,13,14,15,20,17,18,19,16
727,0,1,17,4,5,6,18,7,8,9,10,13,14,15,20,19,16
728,0,1,1,4,5,18,17,18,6,7,8,9,10,13,14,15,20,19,16
729,0,18,1,4,5,6,7,8,9,10,13,17,14,15,14,15,14,15,19,20,16
730,0,1,1,4,18,5,6,7,8,17,10,9,13,14,15,14,15,20,19,16
731,0,1,4,18,5,6,7,18,10,17,8,9,13,18,14,15,14,15,20,19,16
732,0,17,1,1,4,5,6,18,7,8,9,10,13,14,15,14,18,15,19,18,20,16
733,0,1,4,18,5,6,7,17,10,8,9,18,13,14,15,19,20,16
734,0,18,1,1,1,18,4,5,6,7,8,18,9,10,13,17,14,15,20,19,16
735,0,1,4,5,6,17,7,8,10,18,9,13,14,15,14,15,19,20,16
736,0,1,4,5,6,7,8,9,10,13,18,14,15,18,14,15,14,15,19,17,20,16
737,0,1,4,5,6,7,8,10,18,18,18,9,13,14,15,14,15,17,14,15,19,20,16
738,0,1,1,17,1,4,5,6,18,7,18,8,10,9,13,14,15,20,19,16
739,0,1,1,1,4,5,6,7,8,9,10,18,17,13,14,15,19,20,18,16
740,0,1,1,1,4,5,6,7,10,8,9,18,13,17,14,15,14,18,15,19,20,16
741,0,1,1,17,1,4,5,6,7,8,9,10,18,13,14,18,15,14,15,14,15,20,19,16
742,0,1,1,18,1,4,5,6,7,18,8,9,10,13,14,15,14,15,14,15,19,20,17,16
743,0,1,4,5,6,7,10,8,9,13,14,15,14,15,20,19,17,18,16
744,0,1,1,4,5,6,18,7,8,9,18,17,10,13,14,15,18,14,15,14,15,20,19,16
745,0,1,4,5,6,7,10,8,9,13,18,17,14,15,14,15,18,18,14,15,20,19,16
746,0,1,1,18,17,1,4,5,18,6,7,8,10,18,9,13,14,15,14,15,14,15,19,20,16
747,0,1,1,17,1,4,5,18,6,7,8,9,10,13,14,15,14,15,20,19,16
748,0,1,18,1,4,5,6,7,18,10,17,8,9,13,14,15,20,19,16
749,0,1,1,4,5,18,6,7,8,9,18,17,10,13,14,15,14,15,20,18,19,16
750,0,1,1,1,17,4,5,6,7,18,8,9,10,13,14,15,19,20,16
751,0,1,4,5,6,7,8,10,9,13,14,15,18,14,15,14,15,17,20,19,16
752,0,18,1,1,1,4,5,6,17,7,8,9,10,13,14,15,14,15,14,15,20,18,19,18,16
753,0,1,1,18,1,4,5,17,6,7,8,9,10,13,14,15,14,15,20,19,16
754,0,18,1,1,4,5,6,7,10,8,9,13,14,17,15,14,15,14,15,20,19,16
755,0,1,1,18,1,4,5,6,7,8,9,10,13,17,14,15,14,15,20,19,16
756,0,1,4,5,6,7,8,9,10,13,14,18,17,15,20,19,16
757,0,1,4,5,6,7,8,10,9,18,13,14,15,14,17,15,20,19,16
758,0,18,1,4,5,18,6,7,8,10,9,13,14,15,17,19,20,16
759,0,1,1,4,5,6,7,8,9,10,13,14,15,14,18,15,14,15,19,20,17,16
760,0,1,1,1,4,5,6,7,17,18,10,18,8,9,13,14,15,14,15,20,19,16
761,0,1,1,4,5,6,7,18,10,18,8,9,13,14,18,15,14,15,14,15,17,20,19,16
762,0,17,1,1,1,4,5,6,7,8,10,9,13,18,14,18,15,19,18,20,16
763,0,1,18,1,1,4,5,17,6,18,7,18,10,8,9,13,14,15,14,15,20,19,16
764,0,18,17,1,1,18,1,4,5,6,7,8,10,9,13,14,15,14,15,18,20,19,16
765,0,1,1,1,4,5,6,17,7,8,9,10,13,14,15,14,15,18,14,15,19,20,16
766,0,1,1,1,4,5,6,7,10,8,17,9,13,18,14,15,14,15,19,20,16
767,0,1,1,4,5,17,6,7,8,9,10,13,14,15,18,14,15,19,18,20,16
768,0,1,1,17,4,5,6,7,8,10,9,11,12,13,14,15,14,18,15,19,20,16
769,0,1,1,1,4,5,6,7,10,8,17,9,11,12,18,13,14,15,14,15,18,19,20,16
770,0,18,1,4,5,6,7,8,9,10,17,11,12,13,14,15,14,15,18,14,15,20,19,18,16
771,0,17,1,1,1,4,5,6,7,18,10,8,9,11,12,13,14,15,18,14,15,14,15,20,19,16
772,0,1,1,1,18,4,5,6,7,8,10,9,11,12,13,14,15,14,15,20,17,18,19,16
773,0,18,1,4,5,18,6,7,8,10,9,11,12,13,14,17,15,20,19,16
774,0,18,17,1,1,4,5,6,7,10,8,9,11,12,13,18,14,15,20,19,16
775,0,1,1,4,18,18,5,6,7,8,10,9,11,12,13,17,14,15,14,15,19,20,16
776,0,1,17,1,4,18,5,6,7,8,9,10,11,12,13,18,14,18,15,19,20,16
777,0,18,1,1,1,4,5,6,7,10,8,9,11,12,13,14,15,14,15,20,17,19,18,16
778,0,18,1,1,4,5,6,7,8,9,10,11,12,13,14,15,14,17,15,14,15,20,19,16
779,0,1,18,1,1,4,5,6,18,7,10,18,8,9,11,12,13,14,15,14,17,15,20,19,16
780,0,18,1,4,5,18,17,6,7,10,8,9,11,12,13,14,15,14,15,20,19,16
781,0,1,4,5,18,6,7,8,9,10,11,12,13,14,15,20,19,17,16
782,0,1,1,1,18,18,4,5,18,6,7,8,9,17,10,11,12,13,14,15,14,15,19,20,16
783,0,1,1,1,18,4,5,6,17,7,10,8,9,11,12,13,14,15,19,20,16
784,0,1,4,5,6,7,10,8,9,11,18,18,12,13,14,15,14,18,15,17,19,20,16
785,0,1,4,5,6,7,8,10,9,11,17,18,12,13,14,15,19,20,16
786,0,17,1,4,5,6,7,8,9,10,11,12,13,18,14,15,19,20,16
787,0,1,4,5,6,7,18,8,10,9,11,12,13,14,15,17,20,19,16
788,0,1,1,1,18,4,5,6,7,8,10,9,11,12,13,14,15,18,17,14,15,19,20,16
789,0,1,1,1,4,18,5,6,7,8,10,17,9,18,11,12,13,14,15,14,15,19,20,16
790,0,1,4,5,6,7,18,18,8,9,10,11,12,13,14,15,14,15,18,14,15,19,20,17,16
791,0,1,1,4,5,6,7,8,9,17,18,10,11,18,12,13,14,15,14,15,14,15,19,20,16
792,0,17,1,1,1,4,5,6,18,7,8,10,9,18,11,12,13,14,15,18,20,19,16
793,0,1,1,1,4,5,6,7,18,8,9,10,11,12,13,14,15,17,20,19,16
794,0,1,4,5,6,7,8,9,10,11,12,13,18,14,15,20,19,18,17,16
795,0,1,4,17,5,6,18,7,10,18,8,9,11,12,13,14,18,15,14,15,20,19,16
796,0,1,1,17,4,18,5,6,7,10,18,8,9,11,12,13,18,14,15,19,20,16
797,0,18,17,1,4,5,6,7,8,10,18,9,11,12,13,14,15,14,15,18,14,15,20,19,16
798,0,1,4,5,6,7,8,9,10,11,12,13,14,17,18,15,14,15,20,19,16
799,0,1,1,1,4,5,6,7,8,18,10,9,11,12,13,18,14,15,17,19,20,16
800,0,1,1,2,3,7,17,18,10,18,8,9,18,13,14,15,16
801,0,1,18,2,18,3,17,7,10,8,9,13,14,15,16
802,0,1,17,1,2,3,7,8,10,9,18,18,13,14,15,14,15,14,15,16
803,0,17,1,18,1,2,3,7,8,9,10,13,14,15,16
804,0,1,18,18,17,1,1,2,3,7,8,10,9,13,14,15,14,15,14,15,16
805,0,1,18,17,2,3,18,7,10,18,8,9,13,14,15,14,15,16
806,0,1,1,1,2,3,7,17,18,8,18,18,10,9,13,14,15,16
807,0,18,1,1,2,3,7,17,8,9,10,18,13,14,15,14,15,14,15,16
808,0,1,17,1,1,2,18,3,7,8,18,9,10,18,13,14,15,16
809,0,1,1,1,2,17,3,18,7,10,8,9,13,14,15,14,18,15,14,15,18,16
810,0,18,1,17,2,18,3,7,8,10,9,13,14,18,15,16
811,0,1,1,1,2,3,7,10,8,9,13,18,14,15,14,15,14,18,17,15,18,16
812,0,1,2,3,7,8,10,9,13,14,15,14,18,15,14,15,17,16
813,0,1,1,18,2,3,7,8,10,9,13,18,14,15,17,16
814,0,1,1,1,2,3,17,7,18,8,10,18,9,13,14,18,15,16
815,0,1,17,2,3,7,8,10,18,9,13,18,18,14,15,16
816,0,18,18,18,1,17,1,2,3,7,8,10,9,13,14,15,14,15,16
817,0,1,2,3,7,8,10,9,13,14,18,18,15,14,15,14,15,18,17,16
818,0,1,2,18,3,7,8,10,9,17,13,14,15,16
819,0,1,18,2,3,7,8,9,10,13,14,17,15,16
820,0,17,1,18,2,3,7,8,10,9,13,14,15,14,15,14,15,16
821,0,1,1,1,2,3,7,8,17,10,9,13,18,14,15,14,15,16
822,0,1,1,18,18,1,2,3,18,17,7,8,9,10,13,14,15,16
823,0,1,1,1,2,18,3,17,7,8,10,9,13,14,15,16
824,0,17,1,1,2,3,18,7,8,9,18,18,10,13,14,15,14,15,16
825,0,18,1,1,2,3,17,7,8,10,9,13,14,15,16
826,0,1,2,3,7,17,18,8,9,10,18,13,18,14,15,14,15,14,15,16
827,0,1,18,1,1,2,3,7,10,8,9,17,13,14,15,18,14,15,16
828,0,1,17,1,1,2,3,7,8,9,10,13,14,15,14,15,14,18,18,18,15,16
829,0,1,1,17,1,2,18,18,3,7,10,8,9,13,14,18,15,16
830,0,1,2,3,7,8,10,17,9,13,18,14,15,16
831,0,18,1,2,3,7,8,10,9,13,14,15,14,15,14,17,15,16
832,0,18,1,1,2,3,17,7,10,8,9,13,14,15,14,18,15,14,15,16
833,0,18,18,1,1,2,3,7,8,9,10,13,14,17,18,15,16
834,0,1,1,1,18,2,3,7,10,8,9,13,14,15,17,16
835,0,18,18,18,1,2,3,7,10,8,17,9,13,14,15,16
836,0,1,1,2,3,7,10,8,9,13,17,18,18,14,15,14,15,16
837,0,18,17,1,1,2,3,18,18,7,8,10,9,13,14,15,16
838,0,1,1,1,2,17,3,7,8,18,10,9,13,14,15,14,15,16
839,0,1,1,1,2,3,7,10,8,9,13,14,15,14,15,18,17,14,18,18,15,16
840,0,18,1,2,3,7,8,10,9,13,14,17,15,14,15,16
841,0,17,1,18,2,3,7,18,8,10,9,13,14,18,15,14,15,14,15,16
842,0,17,1,1,2,3,7,10,8,9,13,14,15,14,18,15,14,15,16
843,0,18,1,17,1,2,3,7,8,9,10,13,14,15,14,18,15,14,15,16
844,0,1,2,3,7,18,8,9,10,13,14,15,14,15,14,17,15,16
845,0,1,1,17,1,2,18,3,7,8,9,10,13,14,15,14,15,16
846,0,17,1,18,2,18,3,18,7,8,10,9,13,14,15,16
847,0,1,1,1,2,3,18,7,8,10,18,9,13,17,14,15,14,15,14,15,16
848,0,1,17,2,3,7,8,10,9,18,13,18,14,15,16
849,0,1,1,2,3,17,7,18,8,9,10,18,13,14,15,14,15,14,15,18,16
850,0,1,1,1,2,3,7,8,9,10,13,14,15,14,18,15,14,15,17,16
851,0,17,1,2,3,7,8,10,9,13,14,15,18,14,15,14,15,16
852,0,1,1,2,17,3,7,8,10,9,13,18,14,15,18,14,15,18,16
853,0,18,18,17,1,2,3,7,8,9,10,13,18,14,15,14,15,14,15,16
854,0,1,1,2,3,7,8,9,10,18,13,17,14,15,14,15,16
855,0,1,1,2,3,18,17,7,8,10,9,13,14,15,14,18,15,16
856,0,1,1,18,2,3,7,8,18,9,10,13,14,15,14,15,14,15,17,16
857,0,1,1,1,17,2,3,7,18,8,9,10,13,14,15,14,15,14,15,16
858,0,1,17,18,1,1,2,3,18,7,8,10,9,13,14,15,18,14,15,16
859,0,18,1,1,1,18,2,3,17,7,8,9,10,13,14,15,14,15,14,15,16
860,0,1,1,1,2,18,3,18,7,8,18,17,10,9,13,14,15,16
861,0,17,1,18,1,1,2,3,7,8,9,10,13,14,15,16
862,0,1,1,1,2,3,7,8,18,9,18,10,13,17,14,15,16
863,0,1,2,3,7,8,10,18,18,17,9,13,14,15,14,15,16
864,0,1,1,18,2,3,7,17,18,10,8,9,13,14,15,16
865,0,18,1,1,1,2,3,7,8,9,10,13,17,14,18,15,16
866,0,1,1,2,3,18,7,8,9,10,17,13,14,18,15,14,15,18,14,15,16
867,0,1,1,1,18,2,3,7,8,9,10,17,13,14,15,16
868,0,1,18,1,1,2,3,7,8,17,10,9,13,14,18,15,14,18,15,14,15,16
869,0,18,1,1,17,18,2,3,7,8,10,18,9,13,14,15,14,15,16
870,0,18,17,1,2,3,7,10,8,18,9,13,14,15,16
871,0,1,1,1,2,3,7,8,17,9,10,13,14,15,18,14,15,14,15,16
872,0,18,1,1,2,3,17,7,8,10,18,9,18,13,14,15,14,15,14,15,16
873,0,1,1,18,2,18,3,17,7,10,8,9,13,14,18,15,14,15,16
874,0,1,17,18,2,3,7,18,8,9,10,13,14,15,14,15,14,15,16
875,0,18,17,1,1,2,3,7,18,10,8,9,13,14,15,14,15,14,15,16
876,0,1,18,18,17,2,3,18,7,10,8,9,13,14,15,14,15,16
877,0,1,1,1,2,3,7,18,8,9,17,10,18,13,14,15,16
878,0,1,1,1,2,3,7,18,10,8,9,17,13,14,18,15,16
879,0,18,17,1,1,2,3,7,8,10,9,13,14,18,15,14,15,16
880,0,17,1,1,2,3,7,8,10,9,13,14,15,14,18,18,15,14,15,18,16
881,0,1,1,17,2,3,7,10,18,8,9,13,14,15,14,15,16
882,0,1,17,18,2,3,7,8,10,9,13,14,15,16
883,0,18,1,2,3,7,8,10,17,9,18,13,14,15,14,15,16
884,0,18,1,1,17,1,2,3,7,8,18,9,18,10,13,14,15,14,15,14,15,16
885,0,1,2,3,7,10,8,9,13,14,15,17,18,16
886,0,18,1,2,3,7,17,10,8,18,18,9,13,14,15,16
887,0,1,1,2,3,7,8,10,9,13,18,14,15,18,14,17,15,16
888,0,18,1,2,3,7,8,17,10,9,13,14,15,14,15,16
889,0,1,2,17,3,18,7,8,10,9,13,14,15,18,18,14,15,16
890,0,1,18,1,1,2,3,7,10,8,9,18,13,14,17,18,15,14,15,14,15,16
891,0,1,18,2,3,7,18,10,8,9,13,14,18,17,15,16
892,0,1,17,1,1,2,3,7,8,9,10,13,14,15,14,15,18,18,16
893,0,17,1,1,1,2,3,7,8,10,9,18,13,14,15,16
894,0,1,2,3,7,18,8,9,10,13,14,17,15,16
895,0,1,1,1,2,3,17,7,8,9,10,13,18,14,15,18,16
896,0,17,18,1,1,1,2,3,7,8,10,9,13,14,15,18,14,15,14,15,16
897,0,1,1,2,3,7,8,10,9,17,18,18,13,18,14,15,16
898,0,1,18,17,1,18,2,3,7,8,9,10,13,14,15,14,15,16
899,0,18,1,2,18,3,7,8,10,17,9,13,14,15,16
900,0,1,1,2,3,7,8,18,9,10,18,17,13,14,15,14,15,14,15,16
901,0,18,1,1,2,3,7,10,8,9,17,13,14,15,14,18,15,16
902,0,1,1,18,1,2,3,7,8,18,17,9,10,13,14,15,14,15,14,15,16
903,0,1,1,1,18,2,18,3,7,10,8,17,9,13,14,18,15,14,15,16
904,0,1,2,17,3,7,8,10,9,13,14,18,18,15,16
905,0,1,1,17,1,2,3,7,8,18,9,10,13,14,15,14,15,16
906,0,1,2,18,3,18,7,8,9,10,13,17,14,15,18,14,15,16
907,0,1,1,1,18,2,3,7,10,8,9,13,14,17,15,14,15,18,14,18,15,16
908,0,1,1,2,3,7,18,8,9,10,18,13,14,17,18,15,14,15,16
909,0,1,2,3,17,7,10,8,9,18,13,14,18,15,16
910,0,1,1,18,1,2,3,7,8,10,17,9,13,14,15,14,15,18,14,15,16
911,0,1,1,2,3,7,8,9,10,13,17,14,15,18,18,16
912,0,18,1,2,3,7,10,8,9,18,13,14,17,18,15,14,15,16
913,0,1,18,2,3,7,8,10,18,9,13,14,15,14,17,15,14,15,16
914,0,1,18,2,3,7,8,9,10,13,14,15,14,15,17,14,15,16
915,0,1,1,1,2,3,18,7,8,10,9,13,14,17,18,15,16
916,0,1,17,2,3,7,10,8,9,18,13,14,15,16
917,0,18,1,1,1,2,3,17,7,8,9,10,13,14,15,14,15,14,15,16
918,0,1,17,2,3,7,10,18,8,9,13,14,15,18,14,15,18,16
919,0,1,2,3,7,8,10,9,17,13,14,15,14,15,14,18,15,16
920,0,18,1,2,3,17,7,10,8,9,13,14,15,16
921,0,1,18,1,1,2,3,7,10,17,8,9,13,14,18,15,14,15,16
922,0,18,1,18,2,18,17,3,7,10,8,9,13,14,15,14,15,14,15,16
923,0,18,1,1,2,3,18,7,8,9,17,10,18,13,14,15,16
924,0,1,1,18,2,3,17,7,10,8,9,13,14,15,16
925,0,1,1,2,3,18,7,10,8,9,18,13,14,15,17,16
926,0,1,2,3,7,18,10,8,17,18,9,13,14,15,14,15,14,15,16
927,0,18,1,17,1,2,3,7,8,9,10,13,14,15,16
928,0,1,2,3,7,10,8,9,11,12,13,14,15,14,15,18,17,16
929,0,18,1,1,1,2,3,7,8,18,9,10,11,12,13,14,15,14,15,14,18,15,17,16
930,0,1,1,18,1,2,18,3,17,7,8,9,10,18,11,12,13,14,15,16
931,0,17,18,1,2,3,7,8,18,9,10,11,12,13,18,14,15,16
932,0,1,1,2,3,7,10,8,9,11,12,13,14,18,15,17,14,15,16
933,0,1,1,1,2,3,7,8,9,10,17,11,18,12,13,14,15,14,15,16
934,0,1,1,2,3,18,7,10,8,9,11,18,12,13,14,15,14,17,15,16
935,0,1,18,2,3,7,8,18,10,9,11,18,12,13,14,15,14,15,14,17,15,16
936,0,1,1,1,18,2,3,7,8,10,9,11,12,13,17,14,15,14,15,16
937,0,1,2,18,3,7,8,9,10,11,12,13,14,15,17,18,14,15,14,15,16
938,0,17,1,1,1,2,3,7,10,8,9,11,12,13,18,14,15,14,15,14,15,16
939,0,18,18,1,1,1,2,3,7,8,9,10,11,12,17,13,14,15,16
940,0,18,1,2,3,7,10,8,9,11,12,17,13,18,14,18,15,16
941,0,1,17,2,3,7,18,10,8,9,11,12,13,14,15,16
942,0,1,17,2,3,18,7,18,10,18,8,9,11,12,13,14,15,14,15,16
943,0,1,2,3,7,8,9,10,11,12,18,13,14,15,17,14,15,14,15,16
944,0,1,1,2,3,7,8,18,9,10,11,18,12,17,13,14,15,14,15,14,15,16
945,0,17,1,18,1,2,3,7,10,8,9,11,12,13,14,15,14,15,16
946,0,17,1,1,2,3,7,18,8,10,9,11,18,12,13,14,15,18,16
947,0,1,1,2,3,7,18,10,8,9,18,11,12,17,13,14,15,14,15,16
948,0,1,1,2,3,7,8,9,10,17,11,12,13,18,14,15,14,15,14,15,16
949,0,1,2,3,18,7,8,9,10,18,11,12,13,17,14,15,14,15,16
950,0,18,1,1,2,3,7,10,8,9,17,11,12,13,14,15,18,14,15,14,18,15,16
951,0,18,1,1,17,1,2,3,7,8,10,9,11,12,13,14,15,14,15,14,15,18,16
952,0,1,1,17,18,2,3,18,7,8,9,10,11,12,13,14,15,14,15,16
953,0,1,1,18,2,3,7,8,9,10,11,12,17,13,14,15,16
954,0,17,1,1,18,18,2,3,7,8,10,9,11,12,13,14,15,14,15,16
955,0,1,1,2,3,7,8,18,9,10,11,12,13,14,15,18,14,15,17,16
956,0,1,18,1,18,2,3,7,8,10,9,11,17,12,13,14,15,14,15,16
957,0,1,2,17,3,7,10,8,9,11,12,13,18,14,15,14,15,14,15,16
958,0,1,18,18,2,3,7,10,8,9,11,12,13,14,15,14,18,15,14,15,17,16
959,0,18,1,1,2,3,7,10,17,8,9,11,12,13,14,15,16
960,0,1,1,4,5,6,7,8,18,9,10,13,14,15,14,17,15,14,15,16
961,0,17,1,4,5,6,7,8,18,10,9,13,14,15,16
962,0,1,1,17,18,4,5,18,6,7,8,9,10,13,14,15,14,15,16
963,0,1,1,17,1,4,5,6,7,8,9,10,13,18,14,15,16
964,0,18,1,4,5,17,6,18,7,8,9,10,13,14,15,16
965,0,1,17,1,1,4,5,6,7,10,8,9,13,18,14,15,14,15,16
966,0,1,4,17,5,18,6,7,8,10,9,13,14,15,14,15,14,15,16
967,0,1,1,4,5,6,7,10,17,8,18,9,13,14,15,14,15,16
968,0,1,17,4,5,18,6,7,18,8,9,10,13,18,14,15,14,15,16
969,0,1,1,1,4,17,5,6,7,8,10,9,13,14,18,15,14,15,14,15,18,16
970,0,1,1,4,5,6,17,7,18,10,8,18,9,18,13,14,15,16
971,0,1,4,5,6,7,8,10,9,13,14,15,17,14,15,14,15,18,16
972,0,18,1,18,1,1,4,5,17,6,7,8,9,10,13,14,15,14,15,16
973,0,1,1,4,18,5,18,6,7,8,10,9,13,14,15,17,14,15,16
974,0,1,4,18,18,5,6,7,8,17,9,18,10,13,14,15,16
975,0,18,1,1,4,5,6,7,10,8,9,13,14,15,18,18,14,15,17,16
976,0,1,1,4,5,6,7,8,10,18,17,9,13,14,15,14,15,14,15,16
977,0,1,1,1,18,4,5,17,18,6,7,10,8,9,18,13,14,15,14,15,16
978,0,1,4,5,6,7,8,17,18,10,9,13,14,15,14,15,14,18,15,16
979,0,1,4,5,18,6,7,18,8,17,10,9,13,14,15,14,15,18,14,15,16
980,0,18,1,1,1,17,4,5,6,18,7,10,8,9,13,14,15,14,15,16
981,0,18,1,18,4,5,6,7,10,8,9,13,14,17,15,14,15,14,15,16
982,0,1,1,4,5,6,18,7,10,8,17,9,13,14,15,14,15,14,15,16
983,0,1,4,5,17,6,18,7,8,10,18,9,13,14,15,14,15,14,15,16
984,0,18,17,1,1,1,4,5,6,7,8,9,10,13,14,15,14,18,15,16
985,0,1,1,17,1,4,5,6,7,8,10,9,13,18,14,15,14,15,18,18,14,15,16
986,0,1,18,1,4,18,5,6,7,10,8,17,18,9,13,14,15,16
987,0,18,1,1,1,4,5,6,18,7,8,9,17,18,10,13,14,15,16
988,0,1,1,1,4,5,6,7,8,10,9,13,14,15,14,18,15,17,16
989,0,1,18,1,4,18,5,18,6,17,7,10,8,9,13,14,15,14,15,14,15,16
990,0,1,18,1,4,5,6,7,8,9,10,13,14,15,18,14,17,15,16
991,0,18,18,18,1,4,5,6,7,8,10,17,9,13,14,15,14,15,16
992,0,1,18,4,17,5,6,7,18,8,10,9,11,12,18,13,14,15,16
993,0,1,4,5,6,7,8,10,18,9,11,12,18,18,13,14,15,14,15,17,14,15,16
994,0,1,4,5,6,7,18,8,9,10,11,12,18,17,13,18,14,15,14,15,16
995,0,1,1,4,5,6,7,17,8,9,18,18,18,10,11,12,13,14,15,16
996,0,18,1,1,18,4,5,6,7,8,10,9,11,12,18,13,17,14,15,14,15,16
997,0,1,1,4,5,6,7,18,8,10,9,11,12,18,18,17,13,14,15,14,15,14,15,16
998,0,1,4,5,6,7,8,9,10,18,18,11,12,17,13,14,15,14,15,16
999,0,1,4,18,5,6,7,8,17,9,10,11,12,13,14,15,14,15,14,15,16
